SimulationID,ObjectID,EventID,ActivityID,LocationID,SpillStart,SpillStop,SpillDuration,Spill
0b5f6b0c-4591-11e9-9288-b469212bff5b,6dbbbdf6-4589-11e9-95a2-b469212bff5b,9c8213d4-980a-11e9-a6f6-b469212bff5b,6dbbbdf7-4589-11e9-bf3b-b469212bff5b,6dbbbdf4-4589-11e9-a501-b469212bff5b,2019-01-29 00:00:00.000000,2019-01-29 01:23:20.000000,0.05787037037037038,5250.0
0b5f6b0c-4591-11e9-9288-b469212bff5b,6dbbbdf6-4589-11e9-95a2-b469212bff5b,9c82b028-980a-11e9-b7fc-b469212bff5b,6dbbbdf7-4589-11e9-bf3b-b469212bff5b,6dbbbdf5-4589-11e9-82b2-b469212bff5b,2019-01-29 01:58:15.165758,2019-01-29 03:21:35.165758,0.05787037037037038,17237.5
0b5f6b0c-4591-11e9-9288-b469212bff5b,6dbbbdf6-4589-11e9-95a2-b469212bff5b,9c8213d4-980a-11e9-a6f6-b469212bff5b,6dbbbdf7-4589-11e9-bf3b-b469212bff5b,6dbbbdf4-4589-11e9-a501-b469212bff5b,2019-01-29 03:53:00.814941,2019-01-29 05:16:20.814941,0.05787037037037038,5250.0
0b5f6b0c-4591-11e9-9288-b469212bff5b,6dbbbdf6-4589-11e9-95a2-b469212bff5b,9c82b028-980a-11e9-b7fc-b469212bff5b,6dbbbdf7-4589-11e9-bf3b-b469212bff5b,6dbbbdf5-4589-11e9-82b2-b469212bff5b,2019-01-29 05:51:15.980699,2019-01-29 07:14:35.980699,0.05787037037037038,17237.5
0b5f6b0c-4591-11e9-9288-b469212bff5b,6dbbbdf6-4589-11e9-95a2-b469212bff5b,9c8213d4-980a-11e9-a6f6-b469212bff5b,6dbbbdf7-4589-11e9-bf3b-b469212bff5b,6dbbbdf4-4589-11e9-a501-b469212bff5b,2019-01-29 07:46:01.629882,2019-01-29 09:09:21.629882,0.05787037037037038,5250.0
0b5f6b0c-4591-11e9-9288-b469212bff5b,6dbbbdf6-4589-11e9-95a2-b469212bff5b,9c82b028-980a-11e9-b7fc-b469212bff5b,6dbbbdf7-4589-11e9-bf3b-b469212bff5b,6dbbbdf5-4589-11e9-82b2-b469212bff5b,2019-01-29 09:44:16.795640,2019-01-29 11:07:36.795640,0.05787037037037038,17237.5
0b5f6b0c-4591-11e9-9288-b469212bff5b,6dbbbdf6-4589-11e9-95a2-b469212bff5b,9c8213d4-980a-11e9-a6f6-b469212bff5b,6dbbbdf7-4589-11e9-bf3b-b469212bff5b,6dbbbdf4-4589-11e9-a501-b469212bff5b,2019-01-29 11:39:02.444823,2019-01-29 13:02:22.444823,0.05787037037037038,5250.0
0b5f6b0c-4591-11e9-9288-b469212bff5b,6dbbbdf6-4589-11e9-95a2-b469212bff5b,9c82b028-980a-11e9-b7fc-b469212bff5b,6dbbbdf7-4589-11e9-bf3b-b469212bff5b,6dbbbdf5-4589-11e9-82b2-b469212bff5b,2019-01-29 13:37:17.610581,2019-01-29 15:00:37.610581,0.05787037037037038,17237.5
0b5f6b0c-4591-11e9-9288-b469212bff5b,6dbbbdf6-4589-11e9-95a2-b469212bff5b,9c8213d4-980a-11e9-a6f6-b469212bff5b,6dbbbdf7-4589-11e9-bf3b-b469212bff5b,6dbbbdf4-4589-11e9-a501-b469212bff5b,2019-01-29 15:32:03.259764,2019-01-29 16:55:23.259764,0.05787037037037038,5250.0
0b5f6b0c-4591-11e9-9288-b469212bff5b,6dbbbdf6-4589-11e9-95a2-b469212bff5b,9c82b028-980a-11e9-b7fc-b469212bff5b,6dbbbdf7-4589-11e9-bf3b-b469212bff5b,6dbbbdf5-4589-11e9-82b2-b469212bff5b,2019-01-29 17:30:18.425522,2019-01-29 18:53:38.425522,0.05787037037037038,17237.5
0b5f6b0c-4591-11e9-9288-b469212bff5b,6dbbbdf6-4589-11e9-95a2-b469212bff5b,9c8213d4-980a-11e9-a6f6-b469212bff5b,6dbbbdf7-4589-11e9-bf3b-b469212bff5b,6dbbbdf4-4589-11e9-a501-b469212bff5b,2019-01-29 19:25:04.074705,2019-01-29 20:48:24.074705,0.05787037037037038,5250.0
0b5f6b0c-4591-11e9-9288-b469212bff5b,6dbbbdf6-4589-11e9-95a2-b469212bff5b,9c82b028-980a-11e9-b7fc-b469212bff5b,6dbbbdf7-4589-11e9-bf3b-b469212bff5b,6dbbbdf5-4589-11e9-82b2-b469212bff5b,2019-01-29 21:23:19.240463,2019-01-29 22:46:39.240463,0.05787037037037038,17237.5
0b5f6b0c-4591-11e9-9288-b469212bff5b,6dbbbdf6-4589-11e9-95a2-b469212bff5b,9c8213d4-980a-11e9-a6f6-b469212bff5b,6dbbbdf7-4589-11e9-bf3b-b469212bff5b,6dbbbdf4-4589-11e9-a501-b469212bff5b,2019-01-29 23:18:04.889646,2019-01-30 00:41:24.889646,0.05787037037037038,5250.0
0b5f6b0c-4591-11e9-9288-b469212bff5b,6dbbbdf6-4589-11e9-95a2-b469212bff5b,9c82b028-980a-11e9-b7fc-b469212bff5b,6dbbbdf7-4589-11e9-bf3b-b469212bff5b,6dbbbdf5-4589-11e9-82b2-b469212bff5b,2019-01-30 01:16:20.055404,2019-01-30 02:39:40.055404,0.05787037037037038,17237.5
0b5f6b0c-4591-11e9-9288-b469212bff5b,6dbbbdf6-4589-11e9-95a2-b469212bff5b,9c8213d4-980a-11e9-a6f6-b469212bff5b,6dbbbdf7-4589-11e9-bf3b-b469212bff5b,6dbbbdf4-4589-11e9-a501-b469212bff5b,2019-01-30 03:11:05.704587,2019-01-30 04:34:25.704587,0.05787037037037038,5250.0
0b5f6b0c-4591-11e9-9288-b469212bff5b,6dbbbdf6-4589-11e9-95a2-b469212bff5b,9c82b028-980a-11e9-b7fc-b469212bff5b,6dbbbdf7-4589-11e9-bf3b-b469212bff5b,6dbbbdf5-4589-11e9-82b2-b469212bff5b,2019-01-30 05:09:20.870345,2019-01-30 06:32:40.870345,0.05787037037037038,17237.5
0b5f6b0c-4591-11e9-9288-b469212bff5b,6dbbbdf6-4589-11e9-95a2-b469212bff5b,9c8213d4-980a-11e9-a6f6-b469212bff5b,6dbbbdf7-4589-11e9-bf3b-b469212bff5b,6dbbbdf4-4589-11e9-a501-b469212bff5b,2019-01-30 07:04:06.519527,2019-01-30 08:27:26.519527,0.05787037037037038,5250.0
0b5f6b0c-4591-11e9-9288-b469212bff5b,6dbbbdf6-4589-11e9-95a2-b469212bff5b,9c82b028-980a-11e9-b7fc-b469212bff5b,6dbbbdf7-4589-11e9-bf3b-b469212bff5b,6dbbbdf5-4589-11e9-82b2-b469212bff5b,2019-01-30 09:02:21.685286,2019-01-30 10:25:41.685286,0.05787037037037038,17237.5
0b5f6b0c-4591-11e9-9288-b469212bff5b,6dbbbdf6-4589-11e9-95a2-b469212bff5b,9c8213d4-980a-11e9-a6f6-b469212bff5b,6dbbbdf7-4589-11e9-bf3b-b469212bff5b,6dbbbdf4-4589-11e9-a501-b469212bff5b,2019-01-30 10:57:07.334468,2019-01-30 12:20:27.334468,0.05787037037037038,5250.0
0b5f6b0c-4591-11e9-9288-b469212bff5b,6dbbbdf6-4589-11e9-95a2-b469212bff5b,9c82b028-980a-11e9-b7fc-b469212bff5b,6dbbbdf7-4589-11e9-bf3b-b469212bff5b,6dbbbdf5-4589-11e9-82b2-b469212bff5b,2019-01-30 12:55:22.500227,2019-01-30 14:18:42.500227,0.05787037037037038,17237.5
0b5f6b0c-4591-11e9-9288-b469212bff5b,6dbbbdf6-4589-11e9-95a2-b469212bff5b,9c8213d4-980a-11e9-a6f6-b469212bff5b,6dbbbdf7-4589-11e9-bf3b-b469212bff5b,6dbbbdf4-4589-11e9-a501-b469212bff5b,2019-01-30 14:50:08.149409,2019-01-30 16:13:28.149409,0.05787037037037038,5250.0
0b5f6b0c-4591-11e9-9288-b469212bff5b,6dbbbdf6-4589-11e9-95a2-b469212bff5b,9c82b028-980a-11e9-b7fc-b469212bff5b,6dbbbdf7-4589-11e9-bf3b-b469212bff5b,6dbbbdf5-4589-11e9-82b2-b469212bff5b,2019-01-30 16:48:23.315168,2019-01-30 18:11:43.315168,0.05787037037037038,17237.5
0b5f6b0c-4591-11e9-9288-b469212bff5b,6dbbbdf6-4589-11e9-95a2-b469212bff5b,9c8213d4-980a-11e9-a6f6-b469212bff5b,6dbbbdf7-4589-11e9-bf3b-b469212bff5b,6dbbbdf4-4589-11e9-a501-b469212bff5b,2019-01-30 18:43:08.964350,2019-01-30 20:06:28.964350,0.05787037037037038,5250.0
0b5f6b0c-4591-11e9-9288-b469212bff5b,6dbbbdf6-4589-11e9-95a2-b469212bff5b,9c82b028-980a-11e9-b7fc-b469212bff5b,6dbbbdf7-4589-11e9-bf3b-b469212bff5b,6dbbbdf5-4589-11e9-82b2-b469212bff5b,2019-01-30 20:41:24.130109,2019-01-30 22:04:44.130109,0.05787037037037038,17237.5
0b5f6b0c-4591-11e9-9288-b469212bff5b,6dbbbdf6-4589-11e9-95a2-b469212bff5b,9c8213d4-980a-11e9-a6f6-b469212bff5b,6dbbbdf7-4589-11e9-bf3b-b469212bff5b,6dbbbdf4-4589-11e9-a501-b469212bff5b,2019-01-30 22:36:09.779291,2019-01-30 23:59:29.779291,0.05787037037037038,5250.0
0b5f6b0c-4591-11e9-9288-b469212bff5b,6dbbbdf6-4589-11e9-95a2-b469212bff5b,9c82b028-980a-11e9-b7fc-b469212bff5b,6dbbbdf7-4589-11e9-bf3b-b469212bff5b,6dbbbdf5-4589-11e9-82b2-b469212bff5b,2019-01-31 00:34:24.945050,2019-01-31 01:57:44.945050,0.05787037037037038,17237.5
0b5f6b0c-4591-11e9-9288-b469212bff5b,6dbbbdf6-4589-11e9-95a2-b469212bff5b,9c8213d4-980a-11e9-a6f6-b469212bff5b,6dbbbdf7-4589-11e9-bf3b-b469212bff5b,6dbbbdf4-4589-11e9-a501-b469212bff5b,2019-01-31 02:29:10.594232,2019-01-31 03:52:30.594232,0.05787037037037038,5250.0
0b5f6b0c-4591-11e9-9288-b469212bff5b,6dbbbdf6-4589-11e9-95a2-b469212bff5b,9c82b028-980a-11e9-b7fc-b469212bff5b,6dbbbdf7-4589-11e9-bf3b-b469212bff5b,6dbbbdf5-4589-11e9-82b2-b469212bff5b,2019-01-31 04:27:25.759990,2019-01-31 05:50:45.759990,0.05787037037037038,17237.5
0b5f6b0c-4591-11e9-9288-b469212bff5b,6dbbbdf6-4589-11e9-95a2-b469212bff5b,9c8213d4-980a-11e9-a6f6-b469212bff5b,6dbbbdf7-4589-11e9-bf3b-b469212bff5b,6dbbbdf4-4589-11e9-a501-b469212bff5b,2019-01-31 06:22:11.409173,2019-01-31 07:45:31.409173,0.05787037037037038,5250.0
0b5f6b0c-4591-11e9-9288-b469212bff5b,6dbbbdf6-4589-11e9-95a2-b469212bff5b,9c82b028-980a-11e9-b7fc-b469212bff5b,6dbbbdf7-4589-11e9-bf3b-b469212bff5b,6dbbbdf5-4589-11e9-82b2-b469212bff5b,2019-01-31 08:20:26.574931,2019-01-31 09:43:46.574931,0.05787037037037038,17237.5
0b5f6b0c-4591-11e9-9288-b469212bff5b,6dbbbdf6-4589-11e9-95a2-b469212bff5b,9c8213d4-980a-11e9-a6f6-b469212bff5b,6dbbbdf7-4589-11e9-bf3b-b469212bff5b,6dbbbdf4-4589-11e9-a501-b469212bff5b,2019-01-31 10:15:12.224114,2019-01-31 11:38:32.224114,0.05787037037037038,5250.0
0b5f6b0c-4591-11e9-9288-b469212bff5b,6dbbbdf6-4589-11e9-95a2-b469212bff5b,9c82b028-980a-11e9-b7fc-b469212bff5b,6dbbbdf7-4589-11e9-bf3b-b469212bff5b,6dbbbdf5-4589-11e9-82b2-b469212bff5b,2019-01-31 12:13:27.389872,2019-01-31 13:36:47.389872,0.05787037037037038,17237.5
0b5f6b0c-4591-11e9-9288-b469212bff5b,6dbbbdf6-4589-11e9-95a2-b469212bff5b,9c8213d4-980a-11e9-a6f6-b469212bff5b,6dbbbdf7-4589-11e9-bf3b-b469212bff5b,6dbbbdf4-4589-11e9-a501-b469212bff5b,2019-01-31 14:08:13.039055,2019-01-31 15:31:33.039055,0.05787037037037038,5250.0
0b5f6b0c-4591-11e9-9288-b469212bff5b,6dbbbdf6-4589-11e9-95a2-b469212bff5b,9c82b028-980a-11e9-b7fc-b469212bff5b,6dbbbdf7-4589-11e9-bf3b-b469212bff5b,6dbbbdf5-4589-11e9-82b2-b469212bff5b,2019-01-31 16:06:28.204813,2019-01-31 17:29:48.204813,0.05787037037037038,17237.5
0b5f6b0c-4591-11e9-9288-b469212bff5b,6dbbbdf6-4589-11e9-95a2-b469212bff5b,9c8213d4-980a-11e9-a6f6-b469212bff5b,6dbbbdf7-4589-11e9-bf3b-b469212bff5b,6dbbbdf4-4589-11e9-a501-b469212bff5b,2019-01-31 18:01:13.853996,2019-01-31 19:24:33.853996,0.05787037037037038,5250.0
0b5f6b0c-4591-11e9-9288-b469212bff5b,6dbbbdf6-4589-11e9-95a2-b469212bff5b,9c82b028-980a-11e9-b7fc-b469212bff5b,6dbbbdf7-4589-11e9-bf3b-b469212bff5b,6dbbbdf5-4589-11e9-82b2-b469212bff5b,2019-01-31 19:59:29.019754,2019-01-31 21:22:49.019754,0.05787037037037038,17237.5
0b5f6b0c-4591-11e9-9288-b469212bff5b,6dbbbdf6-4589-11e9-95a2-b469212bff5b,9c8213d4-980a-11e9-a6f6-b469212bff5b,6dbbbdf7-4589-11e9-bf3b-b469212bff5b,6dbbbdf4-4589-11e9-a501-b469212bff5b,2019-01-31 21:54:14.668937,2019-01-31 23:17:34.668937,0.05787037037037038,5250.0
0b5f6b0c-4591-11e9-9288-b469212bff5b,6dbbbdf6-4589-11e9-95a2-b469212bff5b,9c82b028-980a-11e9-b7fc-b469212bff5b,6dbbbdf7-4589-11e9-bf3b-b469212bff5b,6dbbbdf5-4589-11e9-82b2-b469212bff5b,2019-01-31 23:52:29.834695,2019-02-01 01:15:49.834695,0.05787037037037038,17237.5
0b5f6b0c-4591-11e9-9288-b469212bff5b,6dbbbdf6-4589-11e9-95a2-b469212bff5b,9c8213d4-980a-11e9-a6f6-b469212bff5b,6dbbbdf7-4589-11e9-bf3b-b469212bff5b,6dbbbdf4-4589-11e9-a501-b469212bff5b,2019-02-01 01:47:15.483878,2019-02-01 03:10:35.483878,0.05787037037037038,5250.0
0b5f6b0c-4591-11e9-9288-b469212bff5b,6dbbbdf6-4589-11e9-95a2-b469212bff5b,9c82b028-980a-11e9-b7fc-b469212bff5b,6dbbbdf7-4589-11e9-bf3b-b469212bff5b,6dbbbdf5-4589-11e9-82b2-b469212bff5b,2019-02-01 03:45:30.649636,2019-02-01 05:08:50.649636,0.05787037037037038,17237.5
0b5f6b0c-4591-11e9-9288-b469212bff5b,6dbbbdf6-4589-11e9-95a2-b469212bff5b,9c8213d4-980a-11e9-a6f6-b469212bff5b,6dbbbdf7-4589-11e9-bf3b-b469212bff5b,6dbbbdf4-4589-11e9-a501-b469212bff5b,2019-02-01 05:40:16.298819,2019-02-01 07:03:36.298819,0.05787037037037038,40500.0
0b5f6b0c-4591-11e9-9288-b469212bff5b,6dbbbdf6-4589-11e9-95a2-b469212bff5b,9c82b028-980a-11e9-b7fc-b469212bff5b,6dbbbdf7-4589-11e9-bf3b-b469212bff5b,6dbbbdf5-4589-11e9-82b2-b469212bff5b,2019-02-01 07:38:31.464577,2019-02-01 09:01:51.464577,0.05787037037037038,132975.0
0b5f6b0c-4591-11e9-9288-b469212bff5b,6dbbbdf6-4589-11e9-95a2-b469212bff5b,9c8213d4-980a-11e9-a6f6-b469212bff5b,6dbbbdf7-4589-11e9-bf3b-b469212bff5b,6dbbbdf4-4589-11e9-a501-b469212bff5b,2019-02-01 09:33:17.113760,2019-02-01 10:56:37.113760,0.05787037037037038,40500.0
0b5f6b0c-4591-11e9-9288-b469212bff5b,6dbbbdf6-4589-11e9-95a2-b469212bff5b,9c82b028-980a-11e9-b7fc-b469212bff5b,6dbbbdf7-4589-11e9-bf3b-b469212bff5b,6dbbbdf5-4589-11e9-82b2-b469212bff5b,2019-02-01 11:31:32.279518,2019-02-01 12:54:52.279518,0.05787037037037038,132975.0
0b5f6b0c-4591-11e9-9288-b469212bff5b,6dbbbdf6-4589-11e9-95a2-b469212bff5b,9c8213d4-980a-11e9-a6f6-b469212bff5b,6dbbbdf7-4589-11e9-bf3b-b469212bff5b,6dbbbdf4-4589-11e9-a501-b469212bff5b,2019-02-01 13:26:17.928700,2019-02-01 14:49:37.928700,0.05787037037037038,40500.0
0b5f6b0c-4591-11e9-9288-b469212bff5b,6dbbbdf6-4589-11e9-95a2-b469212bff5b,9c82b028-980a-11e9-b7fc-b469212bff5b,6dbbbdf7-4589-11e9-bf3b-b469212bff5b,6dbbbdf5-4589-11e9-82b2-b469212bff5b,2019-02-01 15:24:33.094459,2019-02-01 16:47:53.094459,0.05787037037037038,132975.0
0b5f6b0c-4591-11e9-9288-b469212bff5b,6dbbbdf6-4589-11e9-95a2-b469212bff5b,9c8213d4-980a-11e9-a6f6-b469212bff5b,6dbbbdf7-4589-11e9-bf3b-b469212bff5b,6dbbbdf4-4589-11e9-a501-b469212bff5b,2019-02-01 17:19:18.743641,2019-02-01 18:42:38.743641,0.05787037037037038,40500.0
0b5f6b0c-4591-11e9-9288-b469212bff5b,6dbbbdf6-4589-11e9-95a2-b469212bff5b,9c82b028-980a-11e9-b7fc-b469212bff5b,6dbbbdf7-4589-11e9-bf3b-b469212bff5b,6dbbbdf5-4589-11e9-82b2-b469212bff5b,2019-02-01 19:17:33.909400,2019-02-01 20:40:53.909400,0.05787037037037038,132975.0
0b5f6b0c-4591-11e9-9288-b469212bff5b,6dbbbdf6-4589-11e9-95a2-b469212bff5b,9c8213d4-980a-11e9-a6f6-b469212bff5b,6dbbbdf7-4589-11e9-bf3b-b469212bff5b,6dbbbdf4-4589-11e9-a501-b469212bff5b,2019-02-01 21:12:19.558582,2019-02-01 22:35:39.558582,0.05787037037037038,40500.0
0b5f6b0c-4591-11e9-9288-b469212bff5b,6dbbbdf6-4589-11e9-95a2-b469212bff5b,9c82b028-980a-11e9-b7fc-b469212bff5b,6dbbbdf7-4589-11e9-bf3b-b469212bff5b,6dbbbdf5-4589-11e9-82b2-b469212bff5b,2019-02-01 23:10:34.724341,2019-02-02 00:33:54.724341,0.05787037037037038,132975.0
0b5f6b0c-4591-11e9-9288-b469212bff5b,6dbbbdf6-4589-11e9-95a2-b469212bff5b,9c8213d4-980a-11e9-a6f6-b469212bff5b,6dbbbdf7-4589-11e9-bf3b-b469212bff5b,6dbbbdf4-4589-11e9-a501-b469212bff5b,2019-02-02 01:05:20.373523,2019-02-02 02:28:40.373523,0.05787037037037038,40500.0
0b5f6b0c-4591-11e9-9288-b469212bff5b,6dbbbdf6-4589-11e9-95a2-b469212bff5b,9c82b028-980a-11e9-b7fc-b469212bff5b,6dbbbdf7-4589-11e9-bf3b-b469212bff5b,6dbbbdf5-4589-11e9-82b2-b469212bff5b,2019-02-02 03:03:35.539282,2019-02-02 04:26:55.539282,0.05787037037037038,132975.0
0b5f6b0c-4591-11e9-9288-b469212bff5b,6dbbbdf6-4589-11e9-95a2-b469212bff5b,9c8213d4-980a-11e9-a6f6-b469212bff5b,6dbbbdf7-4589-11e9-bf3b-b469212bff5b,6dbbbdf4-4589-11e9-a501-b469212bff5b,2019-02-02 04:58:21.188464,2019-02-02 06:21:41.188464,0.05787037037037038,40500.0
0b5f6b0c-4591-11e9-9288-b469212bff5b,6dbbbdf6-4589-11e9-95a2-b469212bff5b,9c82b028-980a-11e9-b7fc-b469212bff5b,6dbbbdf7-4589-11e9-bf3b-b469212bff5b,6dbbbdf5-4589-11e9-82b2-b469212bff5b,2019-02-02 06:56:36.354223,2019-02-02 08:19:56.354223,0.05787037037037038,132975.0
0b5f6b0c-4591-11e9-9288-b469212bff5b,6dbbbdf6-4589-11e9-95a2-b469212bff5b,9c8213d4-980a-11e9-a6f6-b469212bff5b,6dbbbdf7-4589-11e9-bf3b-b469212bff5b,6dbbbdf4-4589-11e9-a501-b469212bff5b,2019-02-02 08:51:22.003405,2019-02-02 10:14:42.003405,0.05787037037037038,40500.0
0b5f6b0c-4591-11e9-9288-b469212bff5b,6dbbbdf6-4589-11e9-95a2-b469212bff5b,9c82b028-980a-11e9-b7fc-b469212bff5b,6dbbbdf7-4589-11e9-bf3b-b469212bff5b,6dbbbdf5-4589-11e9-82b2-b469212bff5b,2019-02-02 10:49:37.169163,2019-02-02 12:12:57.169163,0.05787037037037038,132975.0
0b5f6b0c-4591-11e9-9288-b469212bff5b,6dbbbdf6-4589-11e9-95a2-b469212bff5b,9c8213d4-980a-11e9-a6f6-b469212bff5b,6dbbbdf7-4589-11e9-bf3b-b469212bff5b,6dbbbdf4-4589-11e9-a501-b469212bff5b,2019-02-02 12:44:22.818346,2019-02-02 14:07:42.818346,0.05787037037037038,40500.0
0b5f6b0c-4591-11e9-9288-b469212bff5b,6dbbbdf6-4589-11e9-95a2-b469212bff5b,9c82b028-980a-11e9-b7fc-b469212bff5b,6dbbbdf7-4589-11e9-bf3b-b469212bff5b,6dbbbdf5-4589-11e9-82b2-b469212bff5b,2019-02-02 14:42:37.984104,2019-02-02 16:05:57.984104,0.05787037037037038,132975.0
0b5f6b0c-4591-11e9-9288-b469212bff5b,6dbbbdf6-4589-11e9-95a2-b469212bff5b,9c8213d4-980a-11e9-a6f6-b469212bff5b,6dbbbdf7-4589-11e9-bf3b-b469212bff5b,6dbbbdf4-4589-11e9-a501-b469212bff5b,2019-02-02 16:37:23.633287,2019-02-02 18:00:43.633287,0.05787037037037038,40500.0
0b5f6b0c-4591-11e9-9288-b469212bff5b,6dbbbdf6-4589-11e9-95a2-b469212bff5b,9c82b028-980a-11e9-b7fc-b469212bff5b,6dbbbdf7-4589-11e9-bf3b-b469212bff5b,6dbbbdf5-4589-11e9-82b2-b469212bff5b,2019-02-02 18:35:38.799045,2019-02-02 19:58:58.799045,0.05787037037037038,132975.0
0b5f6b0c-4591-11e9-9288-b469212bff5b,6dbbbdf6-4589-11e9-95a2-b469212bff5b,9c8213d4-980a-11e9-a6f6-b469212bff5b,6dbbbdf7-4589-11e9-bf3b-b469212bff5b,6dbbbdf4-4589-11e9-a501-b469212bff5b,2019-02-02 20:30:24.448228,2019-02-02 21:53:44.448228,0.05787037037037038,40500.0
0b5f6b0c-4591-11e9-9288-b469212bff5b,6dbbbdf6-4589-11e9-95a2-b469212bff5b,9c82b028-980a-11e9-b7fc-b469212bff5b,6dbbbdf7-4589-11e9-bf3b-b469212bff5b,6dbbbdf5-4589-11e9-82b2-b469212bff5b,2019-02-02 22:28:39.613986,2019-02-02 23:51:59.613986,0.05787037037037038,132975.0
0b5f6b0c-4591-11e9-9288-b469212bff5b,6dbbbdf6-4589-11e9-95a2-b469212bff5b,9c8213d4-980a-11e9-a6f6-b469212bff5b,6dbbbdf7-4589-11e9-bf3b-b469212bff5b,6dbbbdf4-4589-11e9-a501-b469212bff5b,2019-02-03 00:23:25.263169,2019-02-03 01:46:45.263169,0.05787037037037038,40500.0
0b5f6b0c-4591-11e9-9288-b469212bff5b,6dbbbdf6-4589-11e9-95a2-b469212bff5b,9c82b028-980a-11e9-b7fc-b469212bff5b,6dbbbdf7-4589-11e9-bf3b-b469212bff5b,6dbbbdf5-4589-11e9-82b2-b469212bff5b,2019-02-03 02:21:40.428927,2019-02-03 03:45:00.428927,0.05787037037037038,132975.0
0b5f6b0c-4591-11e9-9288-b469212bff5b,6dbbbdf6-4589-11e9-95a2-b469212bff5b,9c8213d4-980a-11e9-a6f6-b469212bff5b,6dbbbdf7-4589-11e9-bf3b-b469212bff5b,6dbbbdf4-4589-11e9-a501-b469212bff5b,2019-02-03 04:16:26.078110,2019-02-03 05:39:46.078110,0.05787037037037038,40500.0
0b5f6b0c-4591-11e9-9288-b469212bff5b,6dbbbdf6-4589-11e9-95a2-b469212bff5b,9c82b028-980a-11e9-b7fc-b469212bff5b,6dbbbdf7-4589-11e9-bf3b-b469212bff5b,6dbbbdf5-4589-11e9-82b2-b469212bff5b,2019-02-03 06:14:41.243868,2019-02-03 07:38:01.243868,0.05787037037037038,132975.0
0b5f6b0c-4591-11e9-9288-b469212bff5b,6dbbbdf6-4589-11e9-95a2-b469212bff5b,9c8213d4-980a-11e9-a6f6-b469212bff5b,6dbbbdf7-4589-11e9-bf3b-b469212bff5b,6dbbbdf4-4589-11e9-a501-b469212bff5b,2019-02-03 08:09:26.893051,2019-02-03 09:32:46.893051,0.05787037037037038,40500.0
0b5f6b0c-4591-11e9-9288-b469212bff5b,6dbbbdf6-4589-11e9-95a2-b469212bff5b,9c82b028-980a-11e9-b7fc-b469212bff5b,6dbbbdf7-4589-11e9-bf3b-b469212bff5b,6dbbbdf5-4589-11e9-82b2-b469212bff5b,2019-02-03 10:07:42.058809,2019-02-03 11:31:02.058809,0.05787037037037038,132975.0
0b5f6b0c-4591-11e9-9288-b469212bff5b,6dbbbdf6-4589-11e9-95a2-b469212bff5b,9c8213d4-980a-11e9-a6f6-b469212bff5b,6dbbbdf7-4589-11e9-bf3b-b469212bff5b,6dbbbdf4-4589-11e9-a501-b469212bff5b,2019-02-03 12:02:27.707992,2019-02-03 13:25:47.707992,0.05787037037037038,40500.0
0b5f6b0c-4591-11e9-9288-b469212bff5b,6dbbbdf6-4589-11e9-95a2-b469212bff5b,9c82b028-980a-11e9-b7fc-b469212bff5b,6dbbbdf7-4589-11e9-bf3b-b469212bff5b,6dbbbdf5-4589-11e9-82b2-b469212bff5b,2019-02-03 14:00:42.873750,2019-02-03 15:24:02.873750,0.05787037037037038,132975.0
0b5f6b0c-4591-11e9-9288-b469212bff5b,6dbbbdf6-4589-11e9-95a2-b469212bff5b,9c8213d4-980a-11e9-a6f6-b469212bff5b,6dbbbdf7-4589-11e9-bf3b-b469212bff5b,6dbbbdf4-4589-11e9-a501-b469212bff5b,2019-02-03 15:55:28.522933,2019-02-03 17:18:48.522933,0.05787037037037038,40500.0
0b5f6b0c-4591-11e9-9288-b469212bff5b,6dbbbdf6-4589-11e9-95a2-b469212bff5b,9c82b028-980a-11e9-b7fc-b469212bff5b,6dbbbdf7-4589-11e9-bf3b-b469212bff5b,6dbbbdf5-4589-11e9-82b2-b469212bff5b,2019-02-03 17:53:43.688691,2019-02-03 19:17:03.688691,0.05787037037037038,132975.0
0b5f6b0c-4591-11e9-9288-b469212bff5b,6dbbbdf6-4589-11e9-95a2-b469212bff5b,9c8213d4-980a-11e9-a6f6-b469212bff5b,6dbbbdf7-4589-11e9-bf3b-b469212bff5b,6dbbbdf4-4589-11e9-a501-b469212bff5b,2019-02-03 19:48:29.337873,2019-02-03 21:11:49.337873,0.05787037037037038,40500.0
0b5f6b0c-4591-11e9-9288-b469212bff5b,6dbbbdf6-4589-11e9-95a2-b469212bff5b,9c82b028-980a-11e9-b7fc-b469212bff5b,6dbbbdf7-4589-11e9-bf3b-b469212bff5b,6dbbbdf5-4589-11e9-82b2-b469212bff5b,2019-02-03 21:46:44.503632,2019-02-03 23:10:04.503632,0.05787037037037038,132975.0
0b5f6b0c-4591-11e9-9288-b469212bff5b,6dbbbdf6-4589-11e9-95a2-b469212bff5b,9c8213d4-980a-11e9-a6f6-b469212bff5b,6dbbbdf7-4589-11e9-bf3b-b469212bff5b,6dbbbdf4-4589-11e9-a501-b469212bff5b,2019-02-03 23:41:30.152814,2019-02-04 01:04:50.152814,0.05787037037037038,40500.0
0b5f6b0c-4591-11e9-9288-b469212bff5b,6dbbbdf6-4589-11e9-95a2-b469212bff5b,9c82b028-980a-11e9-b7fc-b469212bff5b,6dbbbdf7-4589-11e9-bf3b-b469212bff5b,6dbbbdf5-4589-11e9-82b2-b469212bff5b,2019-02-04 01:39:45.318573,2019-02-04 03:03:05.318573,0.05787037037037038,132975.0
0b5f6b0c-4591-11e9-9288-b469212bff5b,6dbbbdf6-4589-11e9-95a2-b469212bff5b,9c8213d4-980a-11e9-a6f6-b469212bff5b,6dbbbdf7-4589-11e9-bf3b-b469212bff5b,6dbbbdf4-4589-11e9-a501-b469212bff5b,2019-02-04 03:34:30.967755,2019-02-04 04:57:50.967755,0.05787037037037038,40500.0
0b5f6b0c-4591-11e9-9288-b469212bff5b,6dbbbdf6-4589-11e9-95a2-b469212bff5b,9c82b028-980a-11e9-b7fc-b469212bff5b,6dbbbdf7-4589-11e9-bf3b-b469212bff5b,6dbbbdf5-4589-11e9-82b2-b469212bff5b,2019-02-04 05:32:46.133514,2019-02-04 06:56:06.133514,0.05787037037037038,132975.0
0b5f6b0c-4591-11e9-9288-b469212bff5b,6dbbbdf6-4589-11e9-95a2-b469212bff5b,9c8213d4-980a-11e9-a6f6-b469212bff5b,6dbbbdf7-4589-11e9-bf3b-b469212bff5b,6dbbbdf4-4589-11e9-a501-b469212bff5b,2019-02-04 07:27:31.782696,2019-02-04 08:50:51.782696,0.05787037037037038,40500.0
0b5f6b0c-4591-11e9-9288-b469212bff5b,6dbbbdf6-4589-11e9-95a2-b469212bff5b,9c82b028-980a-11e9-b7fc-b469212bff5b,6dbbbdf7-4589-11e9-bf3b-b469212bff5b,6dbbbdf5-4589-11e9-82b2-b469212bff5b,2019-02-04 09:25:46.948455,2019-02-04 10:49:06.948455,0.05787037037037038,132975.0
0b5f6b0c-4591-11e9-9288-b469212bff5b,6dbbbdf6-4589-11e9-95a2-b469212bff5b,9c8213d4-980a-11e9-a6f6-b469212bff5b,6dbbbdf7-4589-11e9-bf3b-b469212bff5b,6dbbbdf4-4589-11e9-a501-b469212bff5b,2019-02-04 11:20:32.597637,2019-02-04 12:43:52.597637,0.05787037037037038,40500.0
0b5f6b0c-4591-11e9-9288-b469212bff5b,6dbbbdf6-4589-11e9-95a2-b469212bff5b,9c82b028-980a-11e9-b7fc-b469212bff5b,6dbbbdf7-4589-11e9-bf3b-b469212bff5b,6dbbbdf5-4589-11e9-82b2-b469212bff5b,2019-02-04 13:18:47.763396,2019-02-04 14:42:07.763396,0.05787037037037038,132975.0
0b5f6b0c-4591-11e9-9288-b469212bff5b,6dbbbdf6-4589-11e9-95a2-b469212bff5b,9c8213d4-980a-11e9-a6f6-b469212bff5b,6dbbbdf7-4589-11e9-bf3b-b469212bff5b,6dbbbdf4-4589-11e9-a501-b469212bff5b,2019-02-04 15:13:33.412578,2019-02-04 16:36:53.412578,0.05787037037037038,40500.0
0b5f6b0c-4591-11e9-9288-b469212bff5b,6dbbbdf6-4589-11e9-95a2-b469212bff5b,9c82b028-980a-11e9-b7fc-b469212bff5b,6dbbbdf7-4589-11e9-bf3b-b469212bff5b,6dbbbdf5-4589-11e9-82b2-b469212bff5b,2019-02-04 17:11:48.578336,2019-02-04 18:35:08.578336,0.05787037037037038,132975.0
0b5f6b0c-4591-11e9-9288-b469212bff5b,6dbbbdf6-4589-11e9-95a2-b469212bff5b,9c8213d4-980a-11e9-a6f6-b469212bff5b,6dbbbdf7-4589-11e9-bf3b-b469212bff5b,6dbbbdf4-4589-11e9-a501-b469212bff5b,2019-02-04 19:06:34.227519,2019-02-04 20:29:54.227519,0.05787037037037038,40500.0
0b5f6b0c-4591-11e9-9288-b469212bff5b,6dbbbdf6-4589-11e9-95a2-b469212bff5b,9c82b028-980a-11e9-b7fc-b469212bff5b,6dbbbdf7-4589-11e9-bf3b-b469212bff5b,6dbbbdf5-4589-11e9-82b2-b469212bff5b,2019-02-04 21:04:49.393277,2019-02-04 22:28:09.393277,0.05787037037037038,132975.0
0b5f6b0c-4591-11e9-9288-b469212bff5b,6dbbbdf6-4589-11e9-95a2-b469212bff5b,9c8213d4-980a-11e9-a6f6-b469212bff5b,6dbbbdf7-4589-11e9-bf3b-b469212bff5b,6dbbbdf4-4589-11e9-a501-b469212bff5b,2019-02-04 22:59:35.042460,2019-02-05 00:22:55.042460,0.05787037037037038,40500.0
0b5f6b0c-4591-11e9-9288-b469212bff5b,6dbbbdf6-4589-11e9-95a2-b469212bff5b,9c82b028-980a-11e9-b7fc-b469212bff5b,6dbbbdf7-4589-11e9-bf3b-b469212bff5b,6dbbbdf5-4589-11e9-82b2-b469212bff5b,2019-02-05 00:57:50.208218,2019-02-05 02:21:10.208218,0.05787037037037038,132975.0
0b5f6b0c-4591-11e9-9288-b469212bff5b,6dbbbdf6-4589-11e9-95a2-b469212bff5b,9c8213d4-980a-11e9-a6f6-b469212bff5b,6dbbbdf7-4589-11e9-bf3b-b469212bff5b,6dbbbdf4-4589-11e9-a501-b469212bff5b,2019-02-05 02:52:35.857401,2019-02-05 04:15:55.857401,0.05787037037037038,40500.0
0b5f6b0c-4591-11e9-9288-b469212bff5b,6dbbbdf6-4589-11e9-95a2-b469212bff5b,9c82b028-980a-11e9-b7fc-b469212bff5b,6dbbbdf7-4589-11e9-bf3b-b469212bff5b,6dbbbdf5-4589-11e9-82b2-b469212bff5b,2019-02-05 04:50:51.023159,2019-02-05 06:14:11.023159,0.05787037037037038,132975.0
0b5f6b0c-4591-11e9-9288-b469212bff5b,6dbbbdf6-4589-11e9-95a2-b469212bff5b,9c8213d4-980a-11e9-a6f6-b469212bff5b,6dbbbdf7-4589-11e9-bf3b-b469212bff5b,6dbbbdf4-4589-11e9-a501-b469212bff5b,2019-02-05 06:45:36.672342,2019-02-05 08:08:56.672342,0.05787037037037038,40500.0
0b5f6b0c-4591-11e9-9288-b469212bff5b,6dbbbdf6-4589-11e9-95a2-b469212bff5b,9c82b028-980a-11e9-b7fc-b469212bff5b,6dbbbdf7-4589-11e9-bf3b-b469212bff5b,6dbbbdf5-4589-11e9-82b2-b469212bff5b,2019-02-05 08:43:51.838100,2019-02-05 10:07:11.838100,0.05787037037037038,132975.0
0b5f6b0c-4591-11e9-9288-b469212bff5b,6dbbbdf6-4589-11e9-95a2-b469212bff5b,9c8213d4-980a-11e9-a6f6-b469212bff5b,6dbbbdf7-4589-11e9-bf3b-b469212bff5b,6dbbbdf4-4589-11e9-a501-b469212bff5b,2019-02-05 10:38:37.487283,2019-02-05 12:01:57.487283,0.05787037037037038,40500.0
0b5f6b0c-4591-11e9-9288-b469212bff5b,6dbbbdf6-4589-11e9-95a2-b469212bff5b,9c82b028-980a-11e9-b7fc-b469212bff5b,6dbbbdf7-4589-11e9-bf3b-b469212bff5b,6dbbbdf5-4589-11e9-82b2-b469212bff5b,2019-02-05 12:36:52.653041,2019-02-05 14:00:12.653041,0.05787037037037038,132975.0
0b5f6b0c-4591-11e9-9288-b469212bff5b,6dbbbdf6-4589-11e9-95a2-b469212bff5b,9c8213d4-980a-11e9-a6f6-b469212bff5b,6dbbbdf7-4589-11e9-bf3b-b469212bff5b,6dbbbdf4-4589-11e9-a501-b469212bff5b,2019-02-05 14:31:38.302224,2019-02-05 15:54:58.302224,0.05787037037037038,40500.0
0b5f6b0c-4591-11e9-9288-b469212bff5b,6dbbbdf6-4589-11e9-95a2-b469212bff5b,9c82b028-980a-11e9-b7fc-b469212bff5b,6dbbbdf7-4589-11e9-bf3b-b469212bff5b,6dbbbdf5-4589-11e9-82b2-b469212bff5b,2019-02-05 16:29:53.467982,2019-02-05 17:53:13.467982,0.05787037037037038,132975.0
0b5f6b0c-4591-11e9-9288-b469212bff5b,6dbbbdf6-4589-11e9-95a2-b469212bff5b,9c8213d4-980a-11e9-a6f6-b469212bff5b,6dbbbdf7-4589-11e9-bf3b-b469212bff5b,6dbbbdf4-4589-11e9-a501-b469212bff5b,2019-02-05 18:24:39.117165,2019-02-05 19:47:59.117165,0.05787037037037038,40500.0
0b5f6b0c-4591-11e9-9288-b469212bff5b,6dbbbdf6-4589-11e9-95a2-b469212bff5b,9c82b028-980a-11e9-b7fc-b469212bff5b,6dbbbdf7-4589-11e9-bf3b-b469212bff5b,6dbbbdf5-4589-11e9-82b2-b469212bff5b,2019-02-05 20:22:54.282923,2019-02-05 21:46:14.282923,0.05787037037037038,132975.0
0b5f6b0c-4591-11e9-9288-b469212bff5b,6dbbbdf6-4589-11e9-95a2-b469212bff5b,9c8213d4-980a-11e9-a6f6-b469212bff5b,6dbbbdf7-4589-11e9-bf3b-b469212bff5b,6dbbbdf4-4589-11e9-a501-b469212bff5b,2019-02-05 22:17:39.932106,2019-02-05 23:40:59.932106,0.05787037037037038,40500.0
0b5f6b0c-4591-11e9-9288-b469212bff5b,6dbbbdf6-4589-11e9-95a2-b469212bff5b,9c82b028-980a-11e9-b7fc-b469212bff5b,6dbbbdf7-4589-11e9-bf3b-b469212bff5b,6dbbbdf5-4589-11e9-82b2-b469212bff5b,2019-02-06 00:15:55.097864,2019-02-06 01:39:15.097864,0.05787037037037038,132975.0
0b5f6b0c-4591-11e9-9288-b469212bff5b,6dbbbdf6-4589-11e9-95a2-b469212bff5b,9c8213d4-980a-11e9-a6f6-b469212bff5b,6dbbbdf7-4589-11e9-bf3b-b469212bff5b,6dbbbdf4-4589-11e9-a501-b469212bff5b,2019-02-06 02:10:40.747046,2019-02-06 03:34:00.747046,0.05787037037037038,40500.0
0b5f6b0c-4591-11e9-9288-b469212bff5b,6dbbbdf6-4589-11e9-95a2-b469212bff5b,9c82b028-980a-11e9-b7fc-b469212bff5b,6dbbbdf7-4589-11e9-bf3b-b469212bff5b,6dbbbdf5-4589-11e9-82b2-b469212bff5b,2019-02-06 04:08:55.912805,2019-02-06 05:32:15.912805,0.05787037037037038,132975.0
0b5f6b0c-4591-11e9-9288-b469212bff5b,6dbbbdf6-4589-11e9-95a2-b469212bff5b,9c8213d4-980a-11e9-a6f6-b469212bff5b,6dbbbdf7-4589-11e9-bf3b-b469212bff5b,6dbbbdf4-4589-11e9-a501-b469212bff5b,2019-02-06 06:03:41.561987,2019-02-06 07:27:01.561987,0.05787037037037038,40500.0
0b5f6b0c-4591-11e9-9288-b469212bff5b,6dbbbdf6-4589-11e9-95a2-b469212bff5b,9c82b028-980a-11e9-b7fc-b469212bff5b,6dbbbdf7-4589-11e9-bf3b-b469212bff5b,6dbbbdf5-4589-11e9-82b2-b469212bff5b,2019-02-06 08:01:56.727746,2019-02-06 09:25:16.727746,0.05787037037037038,132975.0
0b5f6b0c-4591-11e9-9288-b469212bff5b,6dbbbdf6-4589-11e9-95a2-b469212bff5b,9c8213d4-980a-11e9-a6f6-b469212bff5b,6dbbbdf7-4589-11e9-bf3b-b469212bff5b,6dbbbdf4-4589-11e9-a501-b469212bff5b,2019-02-06 09:56:42.376928,2019-02-06 11:20:02.376928,0.05787037037037038,40500.0
0b5f6b0c-4591-11e9-9288-b469212bff5b,6dbbbdf6-4589-11e9-95a2-b469212bff5b,9c82b028-980a-11e9-b7fc-b469212bff5b,6dbbbdf7-4589-11e9-bf3b-b469212bff5b,6dbbbdf5-4589-11e9-82b2-b469212bff5b,2019-02-06 11:54:57.542687,2019-02-06 13:18:17.542687,0.05787037037037038,132975.0
0b5f6b0c-4591-11e9-9288-b469212bff5b,6dbbbdf6-4589-11e9-95a2-b469212bff5b,9c8213d4-980a-11e9-a6f6-b469212bff5b,6dbbbdf7-4589-11e9-bf3b-b469212bff5b,6dbbbdf4-4589-11e9-a501-b469212bff5b,2019-02-06 13:49:43.191869,2019-02-06 15:13:03.191869,0.05787037037037038,40500.0
0b5f6b0c-4591-11e9-9288-b469212bff5b,6dbbbdf6-4589-11e9-95a2-b469212bff5b,9c82b028-980a-11e9-b7fc-b469212bff5b,6dbbbdf7-4589-11e9-bf3b-b469212bff5b,6dbbbdf5-4589-11e9-82b2-b469212bff5b,2019-02-06 15:47:58.357628,2019-02-06 17:11:18.357628,0.05787037037037038,132975.0
0b5f6b0c-4591-11e9-9288-b469212bff5b,6dbbbdf6-4589-11e9-95a2-b469212bff5b,9c8213d4-980a-11e9-a6f6-b469212bff5b,6dbbbdf7-4589-11e9-bf3b-b469212bff5b,6dbbbdf4-4589-11e9-a501-b469212bff5b,2019-02-06 17:42:44.006810,2019-02-06 19:06:04.006810,0.05787037037037038,40500.0
0b5f6b0c-4591-11e9-9288-b469212bff5b,6dbbbdf6-4589-11e9-95a2-b469212bff5b,9c82b028-980a-11e9-b7fc-b469212bff5b,6dbbbdf7-4589-11e9-bf3b-b469212bff5b,6dbbbdf5-4589-11e9-82b2-b469212bff5b,2019-02-06 19:40:59.172569,2019-02-06 21:04:19.172569,0.05787037037037038,132975.0
0b5f6b0c-4591-11e9-9288-b469212bff5b,6dbbbdf6-4589-11e9-95a2-b469212bff5b,9c8213d4-980a-11e9-a6f6-b469212bff5b,6dbbbdf7-4589-11e9-bf3b-b469212bff5b,6dbbbdf4-4589-11e9-a501-b469212bff5b,2019-02-06 21:35:44.821751,2019-02-06 22:59:04.821751,0.05787037037037038,40500.0
0b5f6b0c-4591-11e9-9288-b469212bff5b,6dbbbdf6-4589-11e9-95a2-b469212bff5b,9c82b028-980a-11e9-b7fc-b469212bff5b,6dbbbdf7-4589-11e9-bf3b-b469212bff5b,6dbbbdf5-4589-11e9-82b2-b469212bff5b,2019-02-06 23:33:59.987509,2019-02-07 00:57:19.987509,0.05787037037037038,132975.0
0b5f6b0c-4591-11e9-9288-b469212bff5b,6dbbbdf6-4589-11e9-95a2-b469212bff5b,9c8213d4-980a-11e9-a6f6-b469212bff5b,6dbbbdf7-4589-11e9-bf3b-b469212bff5b,6dbbbdf4-4589-11e9-a501-b469212bff5b,2019-02-07 01:28:45.636692,2019-02-07 02:52:05.636692,0.05787037037037038,40500.0
0b5f6b0c-4591-11e9-9288-b469212bff5b,6dbbbdf6-4589-11e9-95a2-b469212bff5b,9c82b028-980a-11e9-b7fc-b469212bff5b,6dbbbdf7-4589-11e9-bf3b-b469212bff5b,6dbbbdf5-4589-11e9-82b2-b469212bff5b,2019-02-07 03:27:00.802450,2019-02-07 04:50:20.802450,0.05787037037037038,132975.0
0b5f6b0c-4591-11e9-9288-b469212bff5b,6dbbbdf6-4589-11e9-95a2-b469212bff5b,9c8213d4-980a-11e9-a6f6-b469212bff5b,6dbbbdf7-4589-11e9-bf3b-b469212bff5b,6dbbbdf4-4589-11e9-a501-b469212bff5b,2019-02-07 05:21:46.451633,2019-02-07 06:45:06.451633,0.05787037037037038,40500.0
0b5f6b0c-4591-11e9-9288-b469212bff5b,6dbbbdf6-4589-11e9-95a2-b469212bff5b,9c82b028-980a-11e9-b7fc-b469212bff5b,6dbbbdf7-4589-11e9-bf3b-b469212bff5b,6dbbbdf5-4589-11e9-82b2-b469212bff5b,2019-02-07 07:20:01.617391,2019-02-07 08:43:21.617391,0.05787037037037038,132975.0
0b5f6b0c-4591-11e9-9288-b469212bff5b,6dbbbdf6-4589-11e9-95a2-b469212bff5b,9c8213d4-980a-11e9-a6f6-b469212bff5b,6dbbbdf7-4589-11e9-bf3b-b469212bff5b,6dbbbdf4-4589-11e9-a501-b469212bff5b,2019-02-07 09:14:47.266574,2019-02-07 10:38:07.266574,0.05787037037037038,40500.0
0b5f6b0c-4591-11e9-9288-b469212bff5b,6dbbbdf6-4589-11e9-95a2-b469212bff5b,9c82b028-980a-11e9-b7fc-b469212bff5b,6dbbbdf7-4589-11e9-bf3b-b469212bff5b,6dbbbdf5-4589-11e9-82b2-b469212bff5b,2019-02-07 11:13:02.432332,2019-02-07 12:36:22.432332,0.05787037037037038,132975.0
0b5f6b0c-4591-11e9-9288-b469212bff5b,6dbbbdf6-4589-11e9-95a2-b469212bff5b,9c8213d4-980a-11e9-a6f6-b469212bff5b,6dbbbdf7-4589-11e9-bf3b-b469212bff5b,6dbbbdf4-4589-11e9-a501-b469212bff5b,2019-02-07 13:07:48.081515,2019-02-07 14:31:08.081515,0.05787037037037038,40500.0
0b5f6b0c-4591-11e9-9288-b469212bff5b,6dbbbdf6-4589-11e9-95a2-b469212bff5b,9c82b028-980a-11e9-b7fc-b469212bff5b,6dbbbdf7-4589-11e9-bf3b-b469212bff5b,6dbbbdf5-4589-11e9-82b2-b469212bff5b,2019-02-07 15:06:03.247273,2019-02-07 16:29:23.247273,0.05787037037037038,132975.0
0b5f6b0c-4591-11e9-9288-b469212bff5b,6dbbbdf6-4589-11e9-95a2-b469212bff5b,9c8213d4-980a-11e9-a6f6-b469212bff5b,6dbbbdf7-4589-11e9-bf3b-b469212bff5b,6dbbbdf4-4589-11e9-a501-b469212bff5b,2019-02-07 17:00:48.896456,2019-02-07 18:24:08.896456,0.05787037037037038,0.0
0b5f6b0c-4591-11e9-9288-b469212bff5b,6dbbbdf6-4589-11e9-95a2-b469212bff5b,9c82b028-980a-11e9-b7fc-b469212bff5b,6dbbbdf7-4589-11e9-bf3b-b469212bff5b,6dbbbdf5-4589-11e9-82b2-b469212bff5b,2019-02-07 18:59:04.062214,2019-02-07 20:22:24.062214,0.05787037037037038,0.0
0b5f6b0c-4591-11e9-9288-b469212bff5b,6dbbbdf6-4589-11e9-95a2-b469212bff5b,9c8213d4-980a-11e9-a6f6-b469212bff5b,6dbbbdf7-4589-11e9-bf3b-b469212bff5b,6dbbbdf4-4589-11e9-a501-b469212bff5b,2019-02-07 20:53:49.711397,2019-02-07 22:17:09.711397,0.05787037037037038,0.0
0b5f6b0c-4591-11e9-9288-b469212bff5b,6dbbbdf6-4589-11e9-95a2-b469212bff5b,9c82b028-980a-11e9-b7fc-b469212bff5b,6dbbbdf7-4589-11e9-bf3b-b469212bff5b,6dbbbdf5-4589-11e9-82b2-b469212bff5b,2019-02-07 22:52:04.877155,2019-02-08 00:15:24.877155,0.05787037037037038,0.0
0b5f6b0c-4591-11e9-9288-b469212bff5b,6dbbbdf6-4589-11e9-95a2-b469212bff5b,9c8213d4-980a-11e9-a6f6-b469212bff5b,6dbbbdf7-4589-11e9-bf3b-b469212bff5b,6dbbbdf4-4589-11e9-a501-b469212bff5b,2019-02-08 00:46:50.526338,2019-02-08 02:10:10.526338,0.05787037037037038,0.0
0b5f6b0c-4591-11e9-9288-b469212bff5b,6dbbbdf6-4589-11e9-95a2-b469212bff5b,9c82b028-980a-11e9-b7fc-b469212bff5b,6dbbbdf7-4589-11e9-bf3b-b469212bff5b,6dbbbdf5-4589-11e9-82b2-b469212bff5b,2019-02-08 02:45:05.692096,2019-02-08 04:08:25.692096,0.05787037037037038,0.0
0b5f6b0c-4591-11e9-9288-b469212bff5b,6dbbbdf6-4589-11e9-95a2-b469212bff5b,9c8213d4-980a-11e9-a6f6-b469212bff5b,6dbbbdf7-4589-11e9-bf3b-b469212bff5b,6dbbbdf4-4589-11e9-a501-b469212bff5b,2019-02-08 04:39:51.341279,2019-02-08 06:03:11.341279,0.05787037037037038,0.0
0b5f6b0c-4591-11e9-9288-b469212bff5b,6dbbbdf6-4589-11e9-95a2-b469212bff5b,9c82b028-980a-11e9-b7fc-b469212bff5b,6dbbbdf7-4589-11e9-bf3b-b469212bff5b,6dbbbdf5-4589-11e9-82b2-b469212bff5b,2019-02-08 06:38:06.507037,2019-02-08 08:01:26.507037,0.05787037037037038,0.0
0b5f6b0c-4591-11e9-9288-b469212bff5b,6dbbbdf6-4589-11e9-95a2-b469212bff5b,9c8213d4-980a-11e9-a6f6-b469212bff5b,6dbbbdf7-4589-11e9-bf3b-b469212bff5b,6dbbbdf4-4589-11e9-a501-b469212bff5b,2019-02-08 08:32:52.156219,2019-02-08 09:56:12.156219,0.05787037037037038,0.0
0b5f6b0c-4591-11e9-9288-b469212bff5b,6dbbbdf6-4589-11e9-95a2-b469212bff5b,9c82b028-980a-11e9-b7fc-b469212bff5b,6dbbbdf7-4589-11e9-bf3b-b469212bff5b,6dbbbdf5-4589-11e9-82b2-b469212bff5b,2019-02-08 10:31:07.321978,2019-02-08 11:54:27.321978,0.05787037037037038,0.0
0b5f6b0c-4591-11e9-9288-b469212bff5b,6dbbbdf6-4589-11e9-95a2-b469212bff5b,9c8213d4-980a-11e9-a6f6-b469212bff5b,6dbbbdf7-4589-11e9-bf3b-b469212bff5b,6dbbbdf4-4589-11e9-a501-b469212bff5b,2019-02-08 12:25:52.971160,2019-02-08 13:49:12.971160,0.05787037037037038,0.0
0b5f6b0c-4591-11e9-9288-b469212bff5b,6dbbbdf6-4589-11e9-95a2-b469212bff5b,9c82b028-980a-11e9-b7fc-b469212bff5b,6dbbbdf7-4589-11e9-bf3b-b469212bff5b,6dbbbdf5-4589-11e9-82b2-b469212bff5b,2019-02-08 14:24:08.136919,2019-02-08 15:47:28.136919,0.05787037037037038,0.0
0b5f6b0c-4591-11e9-9288-b469212bff5b,6dbbbdf6-4589-11e9-95a2-b469212bff5b,9c8213d4-980a-11e9-a6f6-b469212bff5b,6dbbbdf7-4589-11e9-bf3b-b469212bff5b,6dbbbdf4-4589-11e9-a501-b469212bff5b,2019-02-08 16:18:53.786101,2019-02-08 17:42:13.786101,0.05787037037037038,0.0
0b5f6b0c-4591-11e9-9288-b469212bff5b,6dbbbdf6-4589-11e9-95a2-b469212bff5b,9c82b028-980a-11e9-b7fc-b469212bff5b,6dbbbdf7-4589-11e9-bf3b-b469212bff5b,6dbbbdf5-4589-11e9-82b2-b469212bff5b,2019-02-08 18:17:08.951860,2019-02-08 19:40:28.951860,0.05787037037037038,0.0
0b5f6b0c-4591-11e9-9288-b469212bff5b,6dbbbdf6-4589-11e9-95a2-b469212bff5b,9c8213d4-980a-11e9-a6f6-b469212bff5b,6dbbbdf7-4589-11e9-bf3b-b469212bff5b,6dbbbdf4-4589-11e9-a501-b469212bff5b,2019-02-08 20:11:54.601042,2019-02-08 21:35:14.601042,0.05787037037037038,0.0
0b5f6b0c-4591-11e9-9288-b469212bff5b,6dbbbdf6-4589-11e9-95a2-b469212bff5b,9c82b028-980a-11e9-b7fc-b469212bff5b,6dbbbdf7-4589-11e9-bf3b-b469212bff5b,6dbbbdf5-4589-11e9-82b2-b469212bff5b,2019-02-08 22:10:09.766801,2019-02-08 23:33:29.766801,0.05787037037037038,0.0
0b5f6b0c-4591-11e9-9288-b469212bff5b,6dbbbdf6-4589-11e9-95a2-b469212bff5b,9c8213d4-980a-11e9-a6f6-b469212bff5b,6dbbbdf7-4589-11e9-bf3b-b469212bff5b,6dbbbdf4-4589-11e9-a501-b469212bff5b,2019-02-09 00:04:55.415983,2019-02-09 01:28:15.415983,0.05787037037037038,0.0
0b5f6b0c-4591-11e9-9288-b469212bff5b,6dbbbdf6-4589-11e9-95a2-b469212bff5b,9c82b028-980a-11e9-b7fc-b469212bff5b,6dbbbdf7-4589-11e9-bf3b-b469212bff5b,6dbbbdf5-4589-11e9-82b2-b469212bff5b,2019-02-09 02:03:10.581742,2019-02-09 03:26:30.581742,0.05787037037037038,0.0
0b5f6b0c-4591-11e9-9288-b469212bff5b,6dbbbdf6-4589-11e9-95a2-b469212bff5b,9c8213d4-980a-11e9-a6f6-b469212bff5b,6dbbbdf7-4589-11e9-bf3b-b469212bff5b,6dbbbdf4-4589-11e9-a501-b469212bff5b,2019-02-09 03:57:56.230924,2019-02-09 05:21:16.230924,0.05787037037037038,0.0
0b5f6b0c-4591-11e9-9288-b469212bff5b,6dbbbdf6-4589-11e9-95a2-b469212bff5b,9c82b028-980a-11e9-b7fc-b469212bff5b,6dbbbdf7-4589-11e9-bf3b-b469212bff5b,6dbbbdf5-4589-11e9-82b2-b469212bff5b,2019-02-09 05:56:11.396683,2019-02-09 07:19:31.396683,0.05787037037037038,0.0
0b5f6b0c-4591-11e9-9288-b469212bff5b,6dbbbdf6-4589-11e9-95a2-b469212bff5b,9c8213d4-980a-11e9-a6f6-b469212bff5b,6dbbbdf7-4589-11e9-bf3b-b469212bff5b,6dbbbdf4-4589-11e9-a501-b469212bff5b,2019-02-09 07:50:57.045865,2019-02-09 09:14:17.045865,0.05787037037037038,0.0
0b5f6b0c-4591-11e9-9288-b469212bff5b,6dbbbdf6-4589-11e9-95a2-b469212bff5b,9c82b028-980a-11e9-b7fc-b469212bff5b,6dbbbdf7-4589-11e9-bf3b-b469212bff5b,6dbbbdf5-4589-11e9-82b2-b469212bff5b,2019-02-09 09:49:12.211623,2019-02-09 11:12:32.211623,0.05787037037037038,0.0
0b5f6b0c-4591-11e9-9288-b469212bff5b,6dbbbdf6-4589-11e9-95a2-b469212bff5b,9c8213d4-980a-11e9-a6f6-b469212bff5b,6dbbbdf7-4589-11e9-bf3b-b469212bff5b,6dbbbdf4-4589-11e9-a501-b469212bff5b,2019-02-09 11:43:57.860806,2019-02-09 13:07:17.860806,0.05787037037037038,0.0
0b5f6b0c-4591-11e9-9288-b469212bff5b,6dbbbdf6-4589-11e9-95a2-b469212bff5b,9c82b028-980a-11e9-b7fc-b469212bff5b,6dbbbdf7-4589-11e9-bf3b-b469212bff5b,6dbbbdf5-4589-11e9-82b2-b469212bff5b,2019-02-09 13:42:13.026564,2019-02-09 15:05:33.026564,0.05787037037037038,0.0
0b5f6b0c-4591-11e9-9288-b469212bff5b,6dbbbdf6-4589-11e9-95a2-b469212bff5b,9c8213d4-980a-11e9-a6f6-b469212bff5b,6dbbbdf7-4589-11e9-bf3b-b469212bff5b,6dbbbdf4-4589-11e9-a501-b469212bff5b,2019-02-09 15:36:58.675747,2019-02-09 17:00:18.675747,0.05787037037037038,0.0
0b5f6b0c-4591-11e9-9288-b469212bff5b,6dbbbdf6-4589-11e9-95a2-b469212bff5b,9c82b028-980a-11e9-b7fc-b469212bff5b,6dbbbdf7-4589-11e9-bf3b-b469212bff5b,6dbbbdf5-4589-11e9-82b2-b469212bff5b,2019-02-09 17:35:13.841505,2019-02-09 18:58:33.841505,0.05787037037037038,0.0
0b5f6b0c-4591-11e9-9288-b469212bff5b,6dbbbdf6-4589-11e9-95a2-b469212bff5b,9c8213d4-980a-11e9-a6f6-b469212bff5b,6dbbbdf7-4589-11e9-bf3b-b469212bff5b,6dbbbdf4-4589-11e9-a501-b469212bff5b,2019-02-09 19:29:59.490688,2019-02-09 20:53:19.490688,0.05787037037037038,0.0
0b5f6b0c-4591-11e9-9288-b469212bff5b,6dbbbdf6-4589-11e9-95a2-b469212bff5b,9c82b028-980a-11e9-b7fc-b469212bff5b,6dbbbdf7-4589-11e9-bf3b-b469212bff5b,6dbbbdf5-4589-11e9-82b2-b469212bff5b,2019-02-09 21:28:14.656446,2019-02-09 22:51:34.656446,0.05787037037037038,0.0
0b5f6b0c-4591-11e9-9288-b469212bff5b,6dbbbdf6-4589-11e9-95a2-b469212bff5b,9c8213d4-980a-11e9-a6f6-b469212bff5b,6dbbbdf7-4589-11e9-bf3b-b469212bff5b,6dbbbdf4-4589-11e9-a501-b469212bff5b,2019-02-09 23:23:00.305629,2019-02-10 00:46:20.305629,0.05787037037037038,0.0
0b5f6b0c-4591-11e9-9288-b469212bff5b,6dbbbdf6-4589-11e9-95a2-b469212bff5b,9c82b028-980a-11e9-b7fc-b469212bff5b,6dbbbdf7-4589-11e9-bf3b-b469212bff5b,6dbbbdf5-4589-11e9-82b2-b469212bff5b,2019-02-10 01:21:15.471387,2019-02-10 02:44:35.471387,0.05787037037037038,0.0
0b5f6b0c-4591-11e9-9288-b469212bff5b,6dbbbdf6-4589-11e9-95a2-b469212bff5b,9c8213d4-980a-11e9-a6f6-b469212bff5b,6dbbbdf7-4589-11e9-bf3b-b469212bff5b,6dbbbdf4-4589-11e9-a501-b469212bff5b,2019-02-10 03:16:01.120570,2019-02-10 04:39:21.120570,0.05787037037037038,0.0
0b5f6b0c-4591-11e9-9288-b469212bff5b,6dbbbdf6-4589-11e9-95a2-b469212bff5b,9c82b028-980a-11e9-b7fc-b469212bff5b,6dbbbdf7-4589-11e9-bf3b-b469212bff5b,6dbbbdf5-4589-11e9-82b2-b469212bff5b,2019-02-10 05:14:16.286328,2019-02-10 06:37:36.286328,0.05787037037037038,0.0
0b5f6b0c-4591-11e9-9288-b469212bff5b,6dbbbdf6-4589-11e9-95a2-b469212bff5b,9c8213d4-980a-11e9-a6f6-b469212bff5b,6dbbbdf7-4589-11e9-bf3b-b469212bff5b,6dbbbdf4-4589-11e9-a501-b469212bff5b,2019-02-10 07:09:01.935511,2019-02-10 08:32:21.935511,0.05787037037037038,0.0
0b5f6b0c-4591-11e9-9288-b469212bff5b,6dbbbdf6-4589-11e9-95a2-b469212bff5b,9c82b028-980a-11e9-b7fc-b469212bff5b,6dbbbdf7-4589-11e9-bf3b-b469212bff5b,6dbbbdf5-4589-11e9-82b2-b469212bff5b,2019-02-10 09:07:17.101269,2019-02-10 10:30:37.101269,0.05787037037037038,0.0
0b5f6b0c-4591-11e9-9288-b469212bff5b,6dbbbdf6-4589-11e9-95a2-b469212bff5b,9c8213d4-980a-11e9-a6f6-b469212bff5b,6dbbbdf7-4589-11e9-bf3b-b469212bff5b,6dbbbdf4-4589-11e9-a501-b469212bff5b,2019-02-10 11:02:02.750452,2019-02-10 12:25:22.750452,0.05787037037037038,0.0
0b5f6b0c-4591-11e9-9288-b469212bff5b,6dbbbdf6-4589-11e9-95a2-b469212bff5b,9c82b028-980a-11e9-b7fc-b469212bff5b,6dbbbdf7-4589-11e9-bf3b-b469212bff5b,6dbbbdf5-4589-11e9-82b2-b469212bff5b,2019-02-10 13:00:17.916210,2019-02-10 14:23:37.916210,0.05787037037037038,0.0
0b5f6b0c-4591-11e9-9288-b469212bff5b,6dbbbdf6-4589-11e9-95a2-b469212bff5b,9c8213d4-980a-11e9-a6f6-b469212bff5b,6dbbbdf7-4589-11e9-bf3b-b469212bff5b,6dbbbdf4-4589-11e9-a501-b469212bff5b,2019-02-10 14:55:03.565392,2019-02-10 16:18:23.565392,0.05787037037037038,0.0
0b5f6b0c-4591-11e9-9288-b469212bff5b,6dbbbdf6-4589-11e9-95a2-b469212bff5b,9c82b028-980a-11e9-b7fc-b469212bff5b,6dbbbdf7-4589-11e9-bf3b-b469212bff5b,6dbbbdf5-4589-11e9-82b2-b469212bff5b,2019-02-10 16:53:18.731151,2019-02-10 18:16:38.731151,0.05787037037037038,0.0
0b5f6b0c-4591-11e9-9288-b469212bff5b,6dbbbdf6-4589-11e9-95a2-b469212bff5b,9c8213d4-980a-11e9-a6f6-b469212bff5b,6dbbbdf7-4589-11e9-bf3b-b469212bff5b,6dbbbdf4-4589-11e9-a501-b469212bff5b,2019-02-10 18:48:04.380333,2019-02-10 20:11:24.380333,0.05787037037037038,0.0
0b5f6b0c-4591-11e9-9288-b469212bff5b,6dbbbdf6-4589-11e9-95a2-b469212bff5b,9c82b028-980a-11e9-b7fc-b469212bff5b,6dbbbdf7-4589-11e9-bf3b-b469212bff5b,6dbbbdf5-4589-11e9-82b2-b469212bff5b,2019-02-10 20:46:19.546092,2019-02-10 22:09:39.546092,0.05787037037037038,0.0
0b5f6b0c-4591-11e9-9288-b469212bff5b,6dbbbdf6-4589-11e9-95a2-b469212bff5b,9c8213d4-980a-11e9-a6f6-b469212bff5b,6dbbbdf7-4589-11e9-bf3b-b469212bff5b,6dbbbdf4-4589-11e9-a501-b469212bff5b,2019-02-10 22:41:05.195274,2019-02-11 00:04:25.195274,0.05787037037037038,0.0
0b5f6b0c-4591-11e9-9288-b469212bff5b,6dbbbdf6-4589-11e9-95a2-b469212bff5b,9c82b028-980a-11e9-b7fc-b469212bff5b,6dbbbdf7-4589-11e9-bf3b-b469212bff5b,6dbbbdf5-4589-11e9-82b2-b469212bff5b,2019-02-11 00:39:20.361033,2019-02-11 02:02:40.361033,0.05787037037037038,0.0
0b5f6b0c-4591-11e9-9288-b469212bff5b,6dbbbdf6-4589-11e9-95a2-b469212bff5b,9c8213d4-980a-11e9-a6f6-b469212bff5b,6dbbbdf7-4589-11e9-bf3b-b469212bff5b,6dbbbdf4-4589-11e9-a501-b469212bff5b,2019-02-11 02:34:06.010215,2019-02-11 03:57:26.010215,0.05787037037037038,0.0
0b5f6b0c-4591-11e9-9288-b469212bff5b,6dbbbdf6-4589-11e9-95a2-b469212bff5b,9c82b028-980a-11e9-b7fc-b469212bff5b,6dbbbdf7-4589-11e9-bf3b-b469212bff5b,6dbbbdf5-4589-11e9-82b2-b469212bff5b,2019-02-11 04:32:21.175974,2019-02-11 05:55:41.175974,0.05787037037037038,0.0
0b5f6b0c-4591-11e9-9288-b469212bff5b,6dbbbdf6-4589-11e9-95a2-b469212bff5b,9c8213d4-980a-11e9-a6f6-b469212bff5b,6dbbbdf7-4589-11e9-bf3b-b469212bff5b,6dbbbdf4-4589-11e9-a501-b469212bff5b,2019-02-11 06:27:06.825156,2019-02-11 07:50:26.825156,0.05787037037037038,0.0
0b5f6b0c-4591-11e9-9288-b469212bff5b,6dbbbdf6-4589-11e9-95a2-b469212bff5b,9c82b028-980a-11e9-b7fc-b469212bff5b,6dbbbdf7-4589-11e9-bf3b-b469212bff5b,6dbbbdf5-4589-11e9-82b2-b469212bff5b,2019-02-11 08:25:21.990915,2019-02-11 09:48:41.990915,0.05787037037037038,0.0
0b5f6b0c-4591-11e9-9288-b469212bff5b,6dbbbdf6-4589-11e9-95a2-b469212bff5b,9c8213d4-980a-11e9-a6f6-b469212bff5b,6dbbbdf7-4589-11e9-bf3b-b469212bff5b,6dbbbdf4-4589-11e9-a501-b469212bff5b,2019-02-11 10:20:07.640097,2019-02-11 11:43:27.640097,0.05787037037037038,0.0
0b5f6b0c-4591-11e9-9288-b469212bff5b,6dbbbdf6-4589-11e9-95a2-b469212bff5b,9c82b028-980a-11e9-b7fc-b469212bff5b,6dbbbdf7-4589-11e9-bf3b-b469212bff5b,6dbbbdf5-4589-11e9-82b2-b469212bff5b,2019-02-11 12:18:22.805856,2019-02-11 13:41:42.805856,0.05787037037037038,0.0
0b5f6b0c-4591-11e9-9288-b469212bff5b,6dbbbdf6-4589-11e9-95a2-b469212bff5b,9c8213d4-980a-11e9-a6f6-b469212bff5b,6dbbbdf7-4589-11e9-bf3b-b469212bff5b,6dbbbdf4-4589-11e9-a501-b469212bff5b,2019-02-11 14:13:08.455038,2019-02-11 15:36:28.455038,0.05787037037037038,0.0
0b5f6b0c-4591-11e9-9288-b469212bff5b,6dbbbdf6-4589-11e9-95a2-b469212bff5b,9c82b028-980a-11e9-b7fc-b469212bff5b,6dbbbdf7-4589-11e9-bf3b-b469212bff5b,6dbbbdf5-4589-11e9-82b2-b469212bff5b,2019-02-11 16:11:23.620796,2019-02-11 17:34:43.620796,0.05787037037037038,0.0
0b5f6b0c-4591-11e9-9288-b469212bff5b,6dbbbdf6-4589-11e9-95a2-b469212bff5b,9c8213d4-980a-11e9-a6f6-b469212bff5b,6dbbbdf7-4589-11e9-bf3b-b469212bff5b,6dbbbdf4-4589-11e9-a501-b469212bff5b,2019-02-11 18:06:09.269979,2019-02-11 19:29:29.269979,0.05787037037037038,0.0
0b5f6b0c-4591-11e9-9288-b469212bff5b,6dbbbdf6-4589-11e9-95a2-b469212bff5b,9c82b028-980a-11e9-b7fc-b469212bff5b,6dbbbdf7-4589-11e9-bf3b-b469212bff5b,6dbbbdf5-4589-11e9-82b2-b469212bff5b,2019-02-11 20:04:24.435737,2019-02-11 21:27:44.435737,0.05787037037037038,0.0
0b5f6b0c-4591-11e9-9288-b469212bff5b,6dbbbdf6-4589-11e9-95a2-b469212bff5b,9c8213d4-980a-11e9-a6f6-b469212bff5b,6dbbbdf7-4589-11e9-bf3b-b469212bff5b,6dbbbdf4-4589-11e9-a501-b469212bff5b,2019-02-11 21:59:10.084920,2019-02-11 23:22:30.084920,0.05787037037037038,0.0
0b5f6b0c-4591-11e9-9288-b469212bff5b,6dbbbdf6-4589-11e9-95a2-b469212bff5b,9c82b028-980a-11e9-b7fc-b469212bff5b,6dbbbdf7-4589-11e9-bf3b-b469212bff5b,6dbbbdf5-4589-11e9-82b2-b469212bff5b,2019-02-11 23:57:25.250678,2019-02-12 01:20:45.250678,0.05787037037037038,0.0
0b5f6b0c-4591-11e9-9288-b469212bff5b,6dbbbdf6-4589-11e9-95a2-b469212bff5b,9c8213d4-980a-11e9-a6f6-b469212bff5b,6dbbbdf7-4589-11e9-bf3b-b469212bff5b,6dbbbdf4-4589-11e9-a501-b469212bff5b,2019-02-12 01:52:10.899861,2019-02-12 03:15:30.899861,0.05787037037037038,0.0
0b5f6b0c-4591-11e9-9288-b469212bff5b,6dbbbdf6-4589-11e9-95a2-b469212bff5b,9c82b028-980a-11e9-b7fc-b469212bff5b,6dbbbdf7-4589-11e9-bf3b-b469212bff5b,6dbbbdf5-4589-11e9-82b2-b469212bff5b,2019-02-12 03:50:26.065619,2019-02-12 05:13:46.065619,0.05787037037037038,0.0
0b5f6b0c-4591-11e9-9288-b469212bff5b,6dbbbdf6-4589-11e9-95a2-b469212bff5b,9c8213d4-980a-11e9-a6f6-b469212bff5b,6dbbbdf7-4589-11e9-bf3b-b469212bff5b,6dbbbdf4-4589-11e9-a501-b469212bff5b,2019-02-12 05:45:11.714802,2019-02-12 07:08:31.714802,0.05787037037037038,0.0
0b5f6b0c-4591-11e9-9288-b469212bff5b,6dbbbdf6-4589-11e9-95a2-b469212bff5b,9c82b028-980a-11e9-b7fc-b469212bff5b,6dbbbdf7-4589-11e9-bf3b-b469212bff5b,6dbbbdf5-4589-11e9-82b2-b469212bff5b,2019-02-12 07:43:26.880560,2019-02-12 09:06:46.880560,0.05787037037037038,0.0
0b5f6b0c-4591-11e9-9288-b469212bff5b,6dbbbdf6-4589-11e9-95a2-b469212bff5b,9c8213d4-980a-11e9-a6f6-b469212bff5b,6dbbbdf7-4589-11e9-bf3b-b469212bff5b,6dbbbdf4-4589-11e9-a501-b469212bff5b,2019-02-12 09:38:12.529743,2019-02-12 11:01:32.529743,0.05787037037037038,0.0
0b5f6b0c-4591-11e9-9288-b469212bff5b,6dbbbdf6-4589-11e9-95a2-b469212bff5b,9c82b028-980a-11e9-b7fc-b469212bff5b,6dbbbdf7-4589-11e9-bf3b-b469212bff5b,6dbbbdf5-4589-11e9-82b2-b469212bff5b,2019-02-12 11:36:27.695501,2019-02-12 12:59:47.695501,0.05787037037037038,0.0
0b5f6b0c-4591-11e9-9288-b469212bff5b,6dbbbdf6-4589-11e9-95a2-b469212bff5b,9c8213d4-980a-11e9-a6f6-b469212bff5b,6dbbbdf7-4589-11e9-bf3b-b469212bff5b,6dbbbdf4-4589-11e9-a501-b469212bff5b,2019-02-12 13:31:13.344684,2019-02-12 14:54:33.344684,0.05787037037037038,0.0
0b5f6b0c-4591-11e9-9288-b469212bff5b,6dbbbdf6-4589-11e9-95a2-b469212bff5b,9c82b028-980a-11e9-b7fc-b469212bff5b,6dbbbdf7-4589-11e9-bf3b-b469212bff5b,6dbbbdf5-4589-11e9-82b2-b469212bff5b,2019-02-12 15:29:28.510442,2019-02-12 16:52:48.510442,0.05787037037037038,0.0
0b5f6b0c-4591-11e9-9288-b469212bff5b,6dbbbdf6-4589-11e9-95a2-b469212bff5b,9c8213d4-980a-11e9-a6f6-b469212bff5b,6dbbbdf7-4589-11e9-bf3b-b469212bff5b,6dbbbdf4-4589-11e9-a501-b469212bff5b,2019-02-12 17:24:14.159625,2019-02-12 18:47:34.159625,0.05787037037037038,0.0
0b5f6b0c-4591-11e9-9288-b469212bff5b,6dbbbdf6-4589-11e9-95a2-b469212bff5b,9c82b028-980a-11e9-b7fc-b469212bff5b,6dbbbdf7-4589-11e9-bf3b-b469212bff5b,6dbbbdf5-4589-11e9-82b2-b469212bff5b,2019-02-12 19:22:29.325383,2019-02-12 20:45:49.325383,0.05787037037037038,0.0
0b5f6b0c-4591-11e9-9288-b469212bff5b,6dbbbdf6-4589-11e9-95a2-b469212bff5b,9c8213d4-980a-11e9-a6f6-b469212bff5b,6dbbbdf7-4589-11e9-bf3b-b469212bff5b,6dbbbdf4-4589-11e9-a501-b469212bff5b,2019-02-12 21:17:14.974566,2019-02-12 22:40:34.974566,0.05787037037037038,0.0
0b5f6b0c-4591-11e9-9288-b469212bff5b,6dbbbdf6-4589-11e9-95a2-b469212bff5b,9c82b028-980a-11e9-b7fc-b469212bff5b,6dbbbdf7-4589-11e9-bf3b-b469212bff5b,6dbbbdf5-4589-11e9-82b2-b469212bff5b,2019-02-12 23:15:30.140324,2019-02-13 00:38:50.140324,0.05787037037037038,0.0
0b5f6b0c-4591-11e9-9288-b469212bff5b,6dbbbdf6-4589-11e9-95a2-b469212bff5b,9c8213d4-980a-11e9-a6f6-b469212bff5b,6dbbbdf7-4589-11e9-bf3b-b469212bff5b,6dbbbdf4-4589-11e9-a501-b469212bff5b,2019-02-13 01:10:15.789506,2019-02-13 02:33:35.789506,0.05787037037037038,0.0
0b5f6b0c-4591-11e9-9288-b469212bff5b,6dbbbdf6-4589-11e9-95a2-b469212bff5b,9c82b028-980a-11e9-b7fc-b469212bff5b,6dbbbdf7-4589-11e9-bf3b-b469212bff5b,6dbbbdf5-4589-11e9-82b2-b469212bff5b,2019-02-13 03:08:30.955265,2019-02-13 04:31:50.955265,0.05787037037037038,0.0
0b5f6b0c-4591-11e9-9288-b469212bff5b,6dbbbdf6-4589-11e9-95a2-b469212bff5b,9c8213d4-980a-11e9-a6f6-b469212bff5b,6dbbbdf7-4589-11e9-bf3b-b469212bff5b,6dbbbdf4-4589-11e9-a501-b469212bff5b,2019-02-13 05:03:16.604447,2019-02-13 06:26:36.604447,0.05787037037037038,0.0
0b5f6b0c-4591-11e9-9288-b469212bff5b,6dbbbdf6-4589-11e9-95a2-b469212bff5b,9c82b028-980a-11e9-b7fc-b469212bff5b,6dbbbdf7-4589-11e9-bf3b-b469212bff5b,6dbbbdf5-4589-11e9-82b2-b469212bff5b,2019-02-13 07:01:31.770206,2019-02-13 08:24:51.770206,0.05787037037037038,0.0
0b5f6b0c-4591-11e9-9288-b469212bff5b,6dbbbdf6-4589-11e9-95a2-b469212bff5b,9c8213d4-980a-11e9-a6f6-b469212bff5b,6dbbbdf7-4589-11e9-bf3b-b469212bff5b,6dbbbdf4-4589-11e9-a501-b469212bff5b,2019-02-13 08:56:17.419388,2019-02-13 10:19:37.419388,0.05787037037037038,0.0
0b5f6b0c-4591-11e9-9288-b469212bff5b,6dbbbdf6-4589-11e9-95a2-b469212bff5b,9c82b028-980a-11e9-b7fc-b469212bff5b,6dbbbdf7-4589-11e9-bf3b-b469212bff5b,6dbbbdf5-4589-11e9-82b2-b469212bff5b,2019-02-13 10:54:32.585147,2019-02-13 12:17:52.585147,0.05787037037037038,0.0
0b5f6b0c-4591-11e9-9288-b469212bff5b,6dbbbdf6-4589-11e9-95a2-b469212bff5b,9c8213d4-980a-11e9-a6f6-b469212bff5b,6dbbbdf7-4589-11e9-bf3b-b469212bff5b,6dbbbdf4-4589-11e9-a501-b469212bff5b,2019-02-13 12:49:18.234329,2019-02-13 14:12:38.234329,0.05787037037037038,0.0
0b5f6b0c-4591-11e9-9288-b469212bff5b,6dbbbdf6-4589-11e9-95a2-b469212bff5b,9c82b028-980a-11e9-b7fc-b469212bff5b,6dbbbdf7-4589-11e9-bf3b-b469212bff5b,6dbbbdf5-4589-11e9-82b2-b469212bff5b,2019-02-13 14:47:33.400088,2019-02-13 16:10:53.400088,0.05787037037037038,0.0
0b5f6b0c-4591-11e9-9288-b469212bff5b,6dbbbdf6-4589-11e9-95a2-b469212bff5b,9c8213d4-980a-11e9-a6f6-b469212bff5b,6dbbbdf7-4589-11e9-bf3b-b469212bff5b,6dbbbdf4-4589-11e9-a501-b469212bff5b,2019-02-13 16:42:19.049270,2019-02-13 18:05:39.049270,0.05787037037037038,0.0
0b5f6b0c-4591-11e9-9288-b469212bff5b,6dbbbdf6-4589-11e9-95a2-b469212bff5b,9c82b028-980a-11e9-b7fc-b469212bff5b,6dbbbdf7-4589-11e9-bf3b-b469212bff5b,6dbbbdf5-4589-11e9-82b2-b469212bff5b,2019-02-13 18:40:34.215029,2019-02-13 20:03:54.215029,0.05787037037037038,0.0
0b5f6b0c-4591-11e9-9288-b469212bff5b,6dbbbdf6-4589-11e9-95a2-b469212bff5b,9c8213d4-980a-11e9-a6f6-b469212bff5b,6dbbbdf7-4589-11e9-bf3b-b469212bff5b,6dbbbdf4-4589-11e9-a501-b469212bff5b,2019-02-13 20:35:19.864211,2019-02-13 21:58:39.864211,0.05787037037037038,0.0
0b5f6b0c-4591-11e9-9288-b469212bff5b,6dbbbdf6-4589-11e9-95a2-b469212bff5b,9c82b028-980a-11e9-b7fc-b469212bff5b,6dbbbdf7-4589-11e9-bf3b-b469212bff5b,6dbbbdf5-4589-11e9-82b2-b469212bff5b,2019-02-13 22:33:35.029969,2019-02-13 23:56:55.029969,0.05787037037037038,0.0
0b5f6b0c-4591-11e9-9288-b469212bff5b,6dbbbdf6-4589-11e9-95a2-b469212bff5b,9c8213d4-980a-11e9-a6f6-b469212bff5b,6dbbbdf7-4589-11e9-bf3b-b469212bff5b,6dbbbdf4-4589-11e9-a501-b469212bff5b,2019-02-14 00:28:20.679152,2019-02-14 01:51:40.679152,0.05787037037037038,0.0
0b5f6b0c-4591-11e9-9288-b469212bff5b,6dbbbdf6-4589-11e9-95a2-b469212bff5b,9c82b028-980a-11e9-b7fc-b469212bff5b,6dbbbdf7-4589-11e9-bf3b-b469212bff5b,6dbbbdf5-4589-11e9-82b2-b469212bff5b,2019-02-14 02:26:35.844910,2019-02-14 03:49:55.844910,0.05787037037037038,0.0
