SimulationID,ObjectID,EventID,LocationID,EnergyUseStart,EnergyUseStop,EnergyUseDuration,EnergyUse
6f1aed5a-458f-11e9-861a-b469212bff5b,6dbbbdf6-4589-11e9-95a2-b469212bff5b,e19a92d8-9647-11e9-b400-b469212bff5b,6dbbbdf4-4589-11e9-a501-b469212bff5b,2019-06-24 08:18:41.000000,2019-06-24 09:14:14.333333,0.03858024690972222,16666666.666666668
6f1aed5a-458f-11e9-861a-b469212bff5b,6dbbbdf6-4589-11e9-95a2-b469212bff5b,e19b082c-9647-11e9-8f73-b469212bff5b,6dbbbdf5-4589-11e9-82b2-b469212bff5b,2019-06-24 09:14:14.333333,2019-06-24 09:49:09.499092,0.024249603692129633,5237914.395963831
6f1aed5a-458f-11e9-861a-b469212bff5b,6dbbbdf6-4589-11e9-95a2-b469212bff5b,e19b56d4-9647-11e9-9ac3-b469212bff5b,6dbbbdf5-4589-11e9-82b2-b469212bff5b,2019-06-24 09:49:09.499092,2019-06-24 10:44:42.832425,0.03858024690972222,16666666.666666668
6f1aed5a-458f-11e9-861a-b469212bff5b,6dbbbdf6-4589-11e9-95a2-b469212bff5b,e19b7de4-9647-11e9-93e9-b469212bff5b,6dbbbdf4-4589-11e9-a501-b469212bff5b,2019-06-24 10:44:42.832425,2019-06-24 11:16:08.481607,0.021824643310185188,4714122.956367448
6f1aed5a-458f-11e9-861a-b469212bff5b,6dbbbdf6-4589-11e9-95a2-b469212bff5b,e19a92d8-9647-11e9-b400-b469212bff5b,6dbbbdf4-4589-11e9-a501-b469212bff5b,2019-06-24 11:16:08.481607,2019-06-24 12:11:41.814941,0.038580246921296295,16666666.666666668
6f1aed5a-458f-11e9-861a-b469212bff5b,6dbbbdf6-4589-11e9-95a2-b469212bff5b,e19b082c-9647-11e9-8f73-b469212bff5b,6dbbbdf5-4589-11e9-82b2-b469212bff5b,2019-06-24 12:11:41.814941,2019-06-24 12:46:36.980699,0.024249603680555558,5237914.395963831
6f1aed5a-458f-11e9-861a-b469212bff5b,6dbbbdf6-4589-11e9-95a2-b469212bff5b,e19b56d4-9647-11e9-9ac3-b469212bff5b,6dbbbdf5-4589-11e9-82b2-b469212bff5b,2019-06-24 12:46:36.980699,2019-06-24 13:42:10.314032,0.03858024690972222,16666666.666666668
6f1aed5a-458f-11e9-861a-b469212bff5b,6dbbbdf6-4589-11e9-95a2-b469212bff5b,e19b7de4-9647-11e9-93e9-b469212bff5b,6dbbbdf4-4589-11e9-a501-b469212bff5b,2019-06-24 13:42:10.314032,2019-06-24 14:13:35.963215,0.02182464332175926,4714122.956367448
6f1aed5a-458f-11e9-861a-b469212bff5b,6dbbbdf6-4589-11e9-95a2-b469212bff5b,e19a92d8-9647-11e9-b400-b469212bff5b,6dbbbdf4-4589-11e9-a501-b469212bff5b,2019-06-24 14:13:35.963215,2019-06-24 15:09:09.296548,0.03858024690972222,16666666.666666668
6f1aed5a-458f-11e9-861a-b469212bff5b,6dbbbdf6-4589-11e9-95a2-b469212bff5b,e19b082c-9647-11e9-8f73-b469212bff5b,6dbbbdf5-4589-11e9-82b2-b469212bff5b,2019-06-24 15:09:09.296548,2019-06-24 15:44:04.462306,0.024249603680555558,5237914.395963831
6f1aed5a-458f-11e9-861a-b469212bff5b,6dbbbdf6-4589-11e9-95a2-b469212bff5b,e19b56d4-9647-11e9-9ac3-b469212bff5b,6dbbbdf5-4589-11e9-82b2-b469212bff5b,2019-06-24 15:44:04.462306,2019-06-24 16:39:37.795640,0.038580246921296295,16666666.666666668
6f1aed5a-458f-11e9-861a-b469212bff5b,6dbbbdf6-4589-11e9-95a2-b469212bff5b,e19b7de4-9647-11e9-93e9-b469212bff5b,6dbbbdf4-4589-11e9-a501-b469212bff5b,2019-06-24 16:39:37.795640,2019-06-24 17:11:03.444822,0.021824643310185188,4714122.956367448
6f1aed5a-458f-11e9-861a-b469212bff5b,6dbbbdf6-4589-11e9-95a2-b469212bff5b,e19a92d8-9647-11e9-b400-b469212bff5b,6dbbbdf4-4589-11e9-a501-b469212bff5b,2019-06-24 17:11:03.444822,2019-06-24 18:06:36.778156,0.038580246921296295,16666666.666666668
6f1aed5a-458f-11e9-861a-b469212bff5b,6dbbbdf6-4589-11e9-95a2-b469212bff5b,e19b082c-9647-11e9-8f73-b469212bff5b,6dbbbdf5-4589-11e9-82b2-b469212bff5b,2019-06-24 18:06:36.778156,2019-06-24 18:41:31.943914,0.024249603680555558,5237914.395963831
6f1aed5a-458f-11e9-861a-b469212bff5b,6dbbbdf6-4589-11e9-95a2-b469212bff5b,e19b56d4-9647-11e9-9ac3-b469212bff5b,6dbbbdf5-4589-11e9-82b2-b469212bff5b,2019-06-24 18:41:31.943914,2019-06-24 19:37:05.277247,0.03858024690972222,16666666.666666668
6f1aed5a-458f-11e9-861a-b469212bff5b,6dbbbdf6-4589-11e9-95a2-b469212bff5b,e19b7de4-9647-11e9-93e9-b469212bff5b,6dbbbdf4-4589-11e9-a501-b469212bff5b,2019-06-24 19:37:05.277247,2019-06-24 20:08:30.926430,0.02182464332175926,4714122.956367448
6f1aed5a-458f-11e9-861a-b469212bff5b,6dbbbdf6-4589-11e9-95a2-b469212bff5b,e19a92d8-9647-11e9-b400-b469212bff5b,6dbbbdf4-4589-11e9-a501-b469212bff5b,2019-06-24 20:08:30.926430,2019-06-24 21:04:04.259763,0.03858024690972222,16666666.666666668
6f1aed5a-458f-11e9-861a-b469212bff5b,6dbbbdf6-4589-11e9-95a2-b469212bff5b,e19b082c-9647-11e9-8f73-b469212bff5b,6dbbbdf5-4589-11e9-82b2-b469212bff5b,2019-06-24 21:04:04.259763,2019-06-24 21:38:59.425521,0.024249603680555558,5237914.395963831
6f1aed5a-458f-11e9-861a-b469212bff5b,6dbbbdf6-4589-11e9-95a2-b469212bff5b,e19b56d4-9647-11e9-9ac3-b469212bff5b,6dbbbdf5-4589-11e9-82b2-b469212bff5b,2019-06-24 21:38:59.425521,2019-06-24 22:34:32.758855,0.038580246921296295,16666666.666666668
6f1aed5a-458f-11e9-861a-b469212bff5b,6dbbbdf6-4589-11e9-95a2-b469212bff5b,e19b7de4-9647-11e9-93e9-b469212bff5b,6dbbbdf4-4589-11e9-a501-b469212bff5b,2019-06-24 22:34:32.758855,2019-06-24 23:05:58.408037,0.021824643310185188,4714122.956367448
6f1aed5a-458f-11e9-861a-b469212bff5b,6dbbbdf6-4589-11e9-95a2-b469212bff5b,e19a92d8-9647-11e9-b400-b469212bff5b,6dbbbdf4-4589-11e9-a501-b469212bff5b,2019-06-24 23:05:58.408037,2019-06-25 00:01:31.741370,0.03858024690972222,16666666.666666668
6f1aed5a-458f-11e9-861a-b469212bff5b,6dbbbdf6-4589-11e9-95a2-b469212bff5b,e19b082c-9647-11e9-8f73-b469212bff5b,6dbbbdf5-4589-11e9-82b2-b469212bff5b,2019-06-25 00:01:31.741370,2019-06-25 00:36:26.907129,0.024249603692129633,5237914.395963831
6f1aed5a-458f-11e9-861a-b469212bff5b,6dbbbdf6-4589-11e9-95a2-b469212bff5b,e19b56d4-9647-11e9-9ac3-b469212bff5b,6dbbbdf5-4589-11e9-82b2-b469212bff5b,2019-06-25 00:36:26.907129,2019-06-25 01:32:00.240462,0.03858024690972222,16666666.666666668
6f1aed5a-458f-11e9-861a-b469212bff5b,6dbbbdf6-4589-11e9-95a2-b469212bff5b,e19b7de4-9647-11e9-93e9-b469212bff5b,6dbbbdf4-4589-11e9-a501-b469212bff5b,2019-06-25 01:32:00.240462,2019-06-25 02:03:25.889645,0.02182464332175926,4714122.956367448
6f1aed5a-458f-11e9-861a-b469212bff5b,6dbbbdf6-4589-11e9-95a2-b469212bff5b,e19a92d8-9647-11e9-b400-b469212bff5b,6dbbbdf4-4589-11e9-a501-b469212bff5b,2019-06-25 02:03:25.889645,2019-06-25 02:58:59.222978,0.03858024690972222,16666666.666666668
6f1aed5a-458f-11e9-861a-b469212bff5b,6dbbbdf6-4589-11e9-95a2-b469212bff5b,e19b082c-9647-11e9-8f73-b469212bff5b,6dbbbdf5-4589-11e9-82b2-b469212bff5b,2019-06-25 02:58:59.222978,2019-06-25 03:33:54.388736,0.024249603680555558,5237914.395963831
6f1aed5a-458f-11e9-861a-b469212bff5b,6dbbbdf6-4589-11e9-95a2-b469212bff5b,e19b56d4-9647-11e9-9ac3-b469212bff5b,6dbbbdf5-4589-11e9-82b2-b469212bff5b,2019-06-25 03:33:54.388736,2019-06-25 04:29:27.722070,0.038580246921296295,16666666.666666668
6f1aed5a-458f-11e9-861a-b469212bff5b,6dbbbdf6-4589-11e9-95a2-b469212bff5b,e19b7de4-9647-11e9-93e9-b469212bff5b,6dbbbdf4-4589-11e9-a501-b469212bff5b,2019-06-25 04:29:27.722070,2019-06-25 05:00:53.371252,0.021824643310185188,4714122.956367448
6f1aed5a-458f-11e9-861a-b469212bff5b,6dbbbdf6-4589-11e9-95a2-b469212bff5b,e19a92d8-9647-11e9-b400-b469212bff5b,6dbbbdf4-4589-11e9-a501-b469212bff5b,2019-06-25 05:00:53.371252,2019-06-25 05:56:26.704585,0.03858024690972222,16666666.666666668
6f1aed5a-458f-11e9-861a-b469212bff5b,6dbbbdf6-4589-11e9-95a2-b469212bff5b,e19b082c-9647-11e9-8f73-b469212bff5b,6dbbbdf5-4589-11e9-82b2-b469212bff5b,2019-06-25 05:56:26.704585,2019-06-25 06:31:21.870344,0.024249603692129633,5237914.395963831
6f1aed5a-458f-11e9-861a-b469212bff5b,6dbbbdf6-4589-11e9-95a2-b469212bff5b,e19b56d4-9647-11e9-9ac3-b469212bff5b,6dbbbdf5-4589-11e9-82b2-b469212bff5b,2019-06-25 06:31:21.870344,2019-06-25 07:26:55.203677,0.03858024690972222,16666666.666666668
6f1aed5a-458f-11e9-861a-b469212bff5b,6dbbbdf6-4589-11e9-95a2-b469212bff5b,e19b7de4-9647-11e9-93e9-b469212bff5b,6dbbbdf4-4589-11e9-a501-b469212bff5b,2019-06-25 07:26:55.203677,2019-06-25 07:58:20.852859,0.021824643310185188,4714122.956367448
6f1aed5a-458f-11e9-861a-b469212bff5b,6dbbbdf6-4589-11e9-95a2-b469212bff5b,e19a92d8-9647-11e9-b400-b469212bff5b,6dbbbdf4-4589-11e9-a501-b469212bff5b,2019-06-25 07:58:20.852859,2019-06-25 08:53:54.186193,0.038580246921296295,16666666.666666668
6f1aed5a-458f-11e9-861a-b469212bff5b,6dbbbdf6-4589-11e9-95a2-b469212bff5b,e19b082c-9647-11e9-8f73-b469212bff5b,6dbbbdf5-4589-11e9-82b2-b469212bff5b,2019-06-25 08:53:54.186193,2019-06-25 09:28:49.351951,0.024249603680555558,5237914.395963831
6f1aed5a-458f-11e9-861a-b469212bff5b,6dbbbdf6-4589-11e9-95a2-b469212bff5b,e19b56d4-9647-11e9-9ac3-b469212bff5b,6dbbbdf5-4589-11e9-82b2-b469212bff5b,2019-06-25 09:28:49.351951,2019-06-25 10:24:22.685284,0.03858024690972222,16666666.666666668
6f1aed5a-458f-11e9-861a-b469212bff5b,6dbbbdf6-4589-11e9-95a2-b469212bff5b,e19b7de4-9647-11e9-93e9-b469212bff5b,6dbbbdf4-4589-11e9-a501-b469212bff5b,2019-06-25 10:24:22.685284,2019-06-25 10:55:48.334467,0.02182464332175926,4714122.956367448
6f1aed5a-458f-11e9-861a-b469212bff5b,6dbbbdf6-4589-11e9-95a2-b469212bff5b,e19a92d8-9647-11e9-b400-b469212bff5b,6dbbbdf4-4589-11e9-a501-b469212bff5b,2019-06-25 10:55:48.334467,2019-06-25 11:51:21.667800,0.03858024690972222,16666666.666666668
6f1aed5a-458f-11e9-861a-b469212bff5b,6dbbbdf6-4589-11e9-95a2-b469212bff5b,e19b082c-9647-11e9-8f73-b469212bff5b,6dbbbdf5-4589-11e9-82b2-b469212bff5b,2019-06-25 11:51:21.667800,2019-06-25 12:26:16.833559,0.024249603692129633,5237914.395963831
6f1aed5a-458f-11e9-861a-b469212bff5b,6dbbbdf6-4589-11e9-95a2-b469212bff5b,e19b56d4-9647-11e9-9ac3-b469212bff5b,6dbbbdf5-4589-11e9-82b2-b469212bff5b,2019-06-25 12:26:16.833559,2019-06-25 13:21:50.166892,0.03858024690972222,16666666.666666668
6f1aed5a-458f-11e9-861a-b469212bff5b,6dbbbdf6-4589-11e9-95a2-b469212bff5b,e19b7de4-9647-11e9-93e9-b469212bff5b,6dbbbdf4-4589-11e9-a501-b469212bff5b,2019-06-25 13:21:50.166892,2019-06-25 13:53:15.816074,0.021824643310185188,4714122.956367448
6f1aed5a-458f-11e9-861a-b469212bff5b,6dbbbdf6-4589-11e9-95a2-b469212bff5b,e19a92d8-9647-11e9-b400-b469212bff5b,6dbbbdf4-4589-11e9-a501-b469212bff5b,2019-06-25 13:53:15.816074,2019-06-25 14:48:49.149408,0.038580246921296295,16666666.666666668
6f1aed5a-458f-11e9-861a-b469212bff5b,6dbbbdf6-4589-11e9-95a2-b469212bff5b,e19b082c-9647-11e9-8f73-b469212bff5b,6dbbbdf5-4589-11e9-82b2-b469212bff5b,2019-06-25 14:48:49.149408,2019-06-25 15:23:44.315166,0.024249603680555558,5237914.395963831
6f1aed5a-458f-11e9-861a-b469212bff5b,6dbbbdf6-4589-11e9-95a2-b469212bff5b,e19b56d4-9647-11e9-9ac3-b469212bff5b,6dbbbdf5-4589-11e9-82b2-b469212bff5b,2019-06-25 15:23:44.315166,2019-06-25 16:19:17.648499,0.03858024690972222,16666666.666666668
6f1aed5a-458f-11e9-861a-b469212bff5b,6dbbbdf6-4589-11e9-95a2-b469212bff5b,e19b7de4-9647-11e9-93e9-b469212bff5b,6dbbbdf4-4589-11e9-a501-b469212bff5b,2019-06-25 16:19:17.648499,2019-06-25 16:50:43.297682,0.02182464332175926,4714122.956367448
6f1aed5a-458f-11e9-861a-b469212bff5b,6dbbbdf6-4589-11e9-95a2-b469212bff5b,e19a92d8-9647-11e9-b400-b469212bff5b,6dbbbdf4-4589-11e9-a501-b469212bff5b,2019-06-25 16:50:43.297682,2019-06-25 17:46:16.631015,0.03858024690972222,16666666.666666668
6f1aed5a-458f-11e9-861a-b469212bff5b,6dbbbdf6-4589-11e9-95a2-b469212bff5b,e19b082c-9647-11e9-8f73-b469212bff5b,6dbbbdf5-4589-11e9-82b2-b469212bff5b,2019-06-25 17:46:16.631015,2019-06-25 18:21:11.796773,0.024249603680555558,5237914.395963831
6f1aed5a-458f-11e9-861a-b469212bff5b,6dbbbdf6-4589-11e9-95a2-b469212bff5b,e19b56d4-9647-11e9-9ac3-b469212bff5b,6dbbbdf5-4589-11e9-82b2-b469212bff5b,2019-06-25 18:21:11.796773,2019-06-25 19:16:45.130107,0.038580246921296295,16666666.666666668
6f1aed5a-458f-11e9-861a-b469212bff5b,6dbbbdf6-4589-11e9-95a2-b469212bff5b,e19b7de4-9647-11e9-93e9-b469212bff5b,6dbbbdf4-4589-11e9-a501-b469212bff5b,2019-06-25 19:16:45.130107,2019-06-25 19:48:10.779289,0.021824643310185188,4714122.956367448
6f1aed5a-458f-11e9-861a-b469212bff5b,6dbbbdf6-4589-11e9-95a2-b469212bff5b,e19a92d8-9647-11e9-b400-b469212bff5b,6dbbbdf4-4589-11e9-a501-b469212bff5b,2019-06-25 19:48:10.779289,2019-06-25 20:43:44.112622,0.03858024690972222,16666666.666666668
6f1aed5a-458f-11e9-861a-b469212bff5b,6dbbbdf6-4589-11e9-95a2-b469212bff5b,e19b082c-9647-11e9-8f73-b469212bff5b,6dbbbdf5-4589-11e9-82b2-b469212bff5b,2019-06-25 20:43:44.112622,2019-06-25 21:18:39.278381,0.024249603692129633,5237914.395963831
6f1aed5a-458f-11e9-861a-b469212bff5b,6dbbbdf6-4589-11e9-95a2-b469212bff5b,e19b56d4-9647-11e9-9ac3-b469212bff5b,6dbbbdf5-4589-11e9-82b2-b469212bff5b,2019-06-25 21:18:39.278381,2019-06-25 22:14:12.611714,0.03858024690972222,16666666.666666668
6f1aed5a-458f-11e9-861a-b469212bff5b,6dbbbdf6-4589-11e9-95a2-b469212bff5b,e19b7de4-9647-11e9-93e9-b469212bff5b,6dbbbdf4-4589-11e9-a501-b469212bff5b,2019-06-25 22:14:12.611714,2019-06-25 22:45:38.260897,0.02182464332175926,4714122.956367448
6f1aed5a-458f-11e9-861a-b469212bff5b,6dbbbdf6-4589-11e9-95a2-b469212bff5b,e19a92d8-9647-11e9-b400-b469212bff5b,6dbbbdf4-4589-11e9-a501-b469212bff5b,2019-06-25 22:45:38.260897,2019-06-25 23:41:11.594230,0.03858024690972222,16666666.666666668
6f1aed5a-458f-11e9-861a-b469212bff5b,6dbbbdf6-4589-11e9-95a2-b469212bff5b,e19b082c-9647-11e9-8f73-b469212bff5b,6dbbbdf5-4589-11e9-82b2-b469212bff5b,2019-06-25 23:41:11.594230,2019-06-26 00:16:06.759988,0.024249603680555558,5237914.395963831
6f1aed5a-458f-11e9-861a-b469212bff5b,6dbbbdf6-4589-11e9-95a2-b469212bff5b,e19b56d4-9647-11e9-9ac3-b469212bff5b,6dbbbdf5-4589-11e9-82b2-b469212bff5b,2019-06-26 00:16:06.759988,2019-06-26 01:11:40.093322,0.038580246921296295,16666666.666666668
6f1aed5a-458f-11e9-861a-b469212bff5b,6dbbbdf6-4589-11e9-95a2-b469212bff5b,e19b7de4-9647-11e9-93e9-b469212bff5b,6dbbbdf4-4589-11e9-a501-b469212bff5b,2019-06-26 01:11:40.093322,2019-06-26 01:43:05.742504,0.021824643310185188,4714122.956367448
6f1aed5a-458f-11e9-861a-b469212bff5b,6dbbbdf6-4589-11e9-95a2-b469212bff5b,e19a92d8-9647-11e9-b400-b469212bff5b,6dbbbdf4-4589-11e9-a501-b469212bff5b,2019-06-26 01:43:05.742504,2019-06-26 02:38:39.075837,0.03858024690972222,16666666.666666668
6f1aed5a-458f-11e9-861a-b469212bff5b,6dbbbdf6-4589-11e9-95a2-b469212bff5b,e19b082c-9647-11e9-8f73-b469212bff5b,6dbbbdf5-4589-11e9-82b2-b469212bff5b,2019-06-26 02:38:39.075837,2019-06-26 03:13:34.241596,0.024249603692129633,5237914.395963831
6f1aed5a-458f-11e9-861a-b469212bff5b,6dbbbdf6-4589-11e9-95a2-b469212bff5b,e19b56d4-9647-11e9-9ac3-b469212bff5b,6dbbbdf5-4589-11e9-82b2-b469212bff5b,2019-06-26 03:13:34.241596,2019-06-26 04:09:07.574929,0.03858024690972222,16666666.666666668
6f1aed5a-458f-11e9-861a-b469212bff5b,6dbbbdf6-4589-11e9-95a2-b469212bff5b,e19b7de4-9647-11e9-93e9-b469212bff5b,6dbbbdf4-4589-11e9-a501-b469212bff5b,2019-06-26 04:09:07.574929,2019-06-26 04:40:33.224112,0.02182464332175926,4714122.956367448
6f1aed5a-458f-11e9-861a-b469212bff5b,6dbbbdf6-4589-11e9-95a2-b469212bff5b,e19a92d8-9647-11e9-b400-b469212bff5b,6dbbbdf4-4589-11e9-a501-b469212bff5b,2019-06-26 04:40:33.224112,2019-06-26 05:36:06.557445,0.03858024690972222,16666666.666666668
6f1aed5a-458f-11e9-861a-b469212bff5b,6dbbbdf6-4589-11e9-95a2-b469212bff5b,e19b082c-9647-11e9-8f73-b469212bff5b,6dbbbdf5-4589-11e9-82b2-b469212bff5b,2019-06-26 05:36:06.557445,2019-06-26 06:11:01.723203,0.024249603680555558,5237914.395963831
6f1aed5a-458f-11e9-861a-b469212bff5b,6dbbbdf6-4589-11e9-95a2-b469212bff5b,e19b56d4-9647-11e9-9ac3-b469212bff5b,6dbbbdf5-4589-11e9-82b2-b469212bff5b,2019-06-26 06:11:01.723203,2019-06-26 07:06:35.056536,0.03858024690972222,16666666.666666668
6f1aed5a-458f-11e9-861a-b469212bff5b,6dbbbdf6-4589-11e9-95a2-b469212bff5b,e19b7de4-9647-11e9-93e9-b469212bff5b,6dbbbdf4-4589-11e9-a501-b469212bff5b,2019-06-26 07:06:35.056536,2019-06-26 07:38:00.705719,0.02182464332175926,4714122.956367448
6f1aed5a-458f-11e9-861a-b469212bff5b,6dbbbdf6-4589-11e9-95a2-b469212bff5b,e19a92d8-9647-11e9-b400-b469212bff5b,6dbbbdf4-4589-11e9-a501-b469212bff5b,2019-06-26 07:38:00.705719,2019-06-26 08:33:34.039052,0.03858024690972222,16666666.666666668
6f1aed5a-458f-11e9-861a-b469212bff5b,6dbbbdf6-4589-11e9-95a2-b469212bff5b,e19b082c-9647-11e9-8f73-b469212bff5b,6dbbbdf5-4589-11e9-82b2-b469212bff5b,2019-06-26 08:33:34.039052,2019-06-26 09:08:29.204811,0.024249603692129633,5237914.395963831
6f1aed5a-458f-11e9-861a-b469212bff5b,6dbbbdf6-4589-11e9-95a2-b469212bff5b,e19b56d4-9647-11e9-9ac3-b469212bff5b,6dbbbdf5-4589-11e9-82b2-b469212bff5b,2019-06-26 09:08:29.204811,2019-06-26 10:04:02.538144,0.03858024690972222,16666666.666666668
6f1aed5a-458f-11e9-861a-b469212bff5b,6dbbbdf6-4589-11e9-95a2-b469212bff5b,e19b7de4-9647-11e9-93e9-b469212bff5b,6dbbbdf4-4589-11e9-a501-b469212bff5b,2019-06-26 10:04:02.538144,2019-06-26 10:35:28.187326,0.021824643310185188,4714122.956367448
6f1aed5a-458f-11e9-861a-b469212bff5b,6dbbbdf6-4589-11e9-95a2-b469212bff5b,e19a92d8-9647-11e9-b400-b469212bff5b,6dbbbdf4-4589-11e9-a501-b469212bff5b,2019-06-26 10:35:28.187326,2019-06-26 11:31:01.520660,0.038580246921296295,16666666.666666668
6f1aed5a-458f-11e9-861a-b469212bff5b,6dbbbdf6-4589-11e9-95a2-b469212bff5b,e19b082c-9647-11e9-8f73-b469212bff5b,6dbbbdf5-4589-11e9-82b2-b469212bff5b,2019-06-26 11:31:01.520660,2019-06-26 12:05:56.686418,0.024249603680555558,5237914.395963831
6f1aed5a-458f-11e9-861a-b469212bff5b,6dbbbdf6-4589-11e9-95a2-b469212bff5b,e19b56d4-9647-11e9-9ac3-b469212bff5b,6dbbbdf5-4589-11e9-82b2-b469212bff5b,2019-06-26 12:05:56.686418,2019-06-26 13:01:30.019751,0.03858024690972222,16666666.666666668
6f1aed5a-458f-11e9-861a-b469212bff5b,6dbbbdf6-4589-11e9-95a2-b469212bff5b,e19b7de4-9647-11e9-93e9-b469212bff5b,6dbbbdf4-4589-11e9-a501-b469212bff5b,2019-06-26 13:01:30.019751,2019-06-26 13:32:55.668934,0.02182464332175926,4714122.956367448
6f1aed5a-458f-11e9-861a-b469212bff5b,6dbbbdf6-4589-11e9-95a2-b469212bff5b,e19a92d8-9647-11e9-b400-b469212bff5b,6dbbbdf4-4589-11e9-a501-b469212bff5b,2019-06-26 13:32:55.668934,2019-06-26 14:28:29.002267,0.03858024690972222,16666666.666666668
6f1aed5a-458f-11e9-861a-b469212bff5b,6dbbbdf6-4589-11e9-95a2-b469212bff5b,e19b082c-9647-11e9-8f73-b469212bff5b,6dbbbdf5-4589-11e9-82b2-b469212bff5b,2019-06-26 14:28:29.002267,2019-06-26 15:03:24.168025,0.024249603680555558,5237914.395963831
6f1aed5a-458f-11e9-861a-b469212bff5b,6dbbbdf6-4589-11e9-95a2-b469212bff5b,e19b56d4-9647-11e9-9ac3-b469212bff5b,6dbbbdf5-4589-11e9-82b2-b469212bff5b,2019-06-26 15:03:24.168025,2019-06-26 15:58:57.501359,0.038580246921296295,16666666.666666668
6f1aed5a-458f-11e9-861a-b469212bff5b,6dbbbdf6-4589-11e9-95a2-b469212bff5b,e19b7de4-9647-11e9-93e9-b469212bff5b,6dbbbdf4-4589-11e9-a501-b469212bff5b,2019-06-26 15:58:57.501359,2019-06-26 16:30:23.150541,0.021824643310185188,4714122.956367448
6f1aed5a-458f-11e9-861a-b469212bff5b,6dbbbdf6-4589-11e9-95a2-b469212bff5b,e19a92d8-9647-11e9-b400-b469212bff5b,6dbbbdf4-4589-11e9-a501-b469212bff5b,2019-06-26 16:30:23.150541,2019-06-26 17:25:56.483875,0.038580246921296295,16666666.666666668
6f1aed5a-458f-11e9-861a-b469212bff5b,6dbbbdf6-4589-11e9-95a2-b469212bff5b,e19b082c-9647-11e9-8f73-b469212bff5b,6dbbbdf5-4589-11e9-82b2-b469212bff5b,2019-06-26 17:25:56.483875,2019-06-26 18:00:51.649633,0.024249603680555558,5237914.395963831
6f1aed5a-458f-11e9-861a-b469212bff5b,6dbbbdf6-4589-11e9-95a2-b469212bff5b,e19b56d4-9647-11e9-9ac3-b469212bff5b,6dbbbdf5-4589-11e9-82b2-b469212bff5b,2019-06-26 18:00:51.649633,2019-06-26 18:56:24.982966,0.03858024690972222,16666666.666666668
6f1aed5a-458f-11e9-861a-b469212bff5b,6dbbbdf6-4589-11e9-95a2-b469212bff5b,e19b7de4-9647-11e9-93e9-b469212bff5b,6dbbbdf4-4589-11e9-a501-b469212bff5b,2019-06-26 18:56:24.982966,2019-06-26 19:27:50.632149,0.02182464332175926,4714122.956367448
6f1aed5a-458f-11e9-861a-b469212bff5b,6dbbbdf6-4589-11e9-95a2-b469212bff5b,e19a92d8-9647-11e9-b400-b469212bff5b,6dbbbdf4-4589-11e9-a501-b469212bff5b,2019-06-26 19:27:50.632149,2019-06-26 20:23:23.965482,0.03858024690972222,16666666.666666668
6f1aed5a-458f-11e9-861a-b469212bff5b,6dbbbdf6-4589-11e9-95a2-b469212bff5b,e19b082c-9647-11e9-8f73-b469212bff5b,6dbbbdf5-4589-11e9-82b2-b469212bff5b,2019-06-26 20:23:23.965482,2019-06-26 20:58:19.131240,0.024249603680555558,5237914.395963831
6f1aed5a-458f-11e9-861a-b469212bff5b,6dbbbdf6-4589-11e9-95a2-b469212bff5b,e19b56d4-9647-11e9-9ac3-b469212bff5b,6dbbbdf5-4589-11e9-82b2-b469212bff5b,2019-06-26 20:58:19.131240,2019-06-26 21:53:52.464574,0.038580246921296295,16666666.666666668
6f1aed5a-458f-11e9-861a-b469212bff5b,6dbbbdf6-4589-11e9-95a2-b469212bff5b,e19b7de4-9647-11e9-93e9-b469212bff5b,6dbbbdf4-4589-11e9-a501-b469212bff5b,2019-06-26 21:53:52.464574,2019-06-26 22:25:18.113756,0.021824643310185188,4714122.956367448
6f1aed5a-458f-11e9-861a-b469212bff5b,6dbbbdf6-4589-11e9-95a2-b469212bff5b,e19a92d8-9647-11e9-b400-b469212bff5b,6dbbbdf4-4589-11e9-a501-b469212bff5b,2019-06-26 22:25:18.113756,2019-06-26 23:20:51.447089,0.03858024690972222,16666666.666666668
6f1aed5a-458f-11e9-861a-b469212bff5b,6dbbbdf6-4589-11e9-95a2-b469212bff5b,e19b082c-9647-11e9-8f73-b469212bff5b,6dbbbdf5-4589-11e9-82b2-b469212bff5b,2019-06-26 23:20:51.447089,2019-06-26 23:55:46.612848,0.024249603692129633,5237914.395963831
6f1aed5a-458f-11e9-861a-b469212bff5b,6dbbbdf6-4589-11e9-95a2-b469212bff5b,e19b56d4-9647-11e9-9ac3-b469212bff5b,6dbbbdf5-4589-11e9-82b2-b469212bff5b,2019-06-26 23:55:46.612848,2019-06-27 00:51:19.946181,0.03858024690972222,16666666.666666668
6f1aed5a-458f-11e9-861a-b469212bff5b,6dbbbdf6-4589-11e9-95a2-b469212bff5b,e19b7de4-9647-11e9-93e9-b469212bff5b,6dbbbdf4-4589-11e9-a501-b469212bff5b,2019-06-27 00:51:19.946181,2019-06-27 01:22:45.595364,0.02182464332175926,4714122.956367448
6f1aed5a-458f-11e9-861a-b469212bff5b,6dbbbdf6-4589-11e9-95a2-b469212bff5b,e19a92d8-9647-11e9-b400-b469212bff5b,6dbbbdf4-4589-11e9-a501-b469212bff5b,2019-06-27 01:22:45.595364,2019-06-27 02:18:18.928697,0.03858024690972222,16666666.666666668
6f1aed5a-458f-11e9-861a-b469212bff5b,6dbbbdf6-4589-11e9-95a2-b469212bff5b,e19b082c-9647-11e9-8f73-b469212bff5b,6dbbbdf5-4589-11e9-82b2-b469212bff5b,2019-06-27 02:18:18.928697,2019-06-27 02:53:14.094455,0.024249603680555558,5237914.395963831
6f1aed5a-458f-11e9-861a-b469212bff5b,6dbbbdf6-4589-11e9-95a2-b469212bff5b,e19b56d4-9647-11e9-9ac3-b469212bff5b,6dbbbdf5-4589-11e9-82b2-b469212bff5b,2019-06-27 02:53:14.094455,2019-06-27 03:48:47.427788,0.03858024690972222,16666666.666666668
6f1aed5a-458f-11e9-861a-b469212bff5b,6dbbbdf6-4589-11e9-95a2-b469212bff5b,e19b7de4-9647-11e9-93e9-b469212bff5b,6dbbbdf4-4589-11e9-a501-b469212bff5b,2019-06-27 03:48:47.427788,2019-06-27 04:20:13.076971,0.02182464332175926,4714122.956367448
6f1aed5a-458f-11e9-861a-b469212bff5b,6dbbbdf6-4589-11e9-95a2-b469212bff5b,e19a92d8-9647-11e9-b400-b469212bff5b,6dbbbdf4-4589-11e9-a501-b469212bff5b,2019-06-27 04:20:13.076971,2019-06-27 05:15:46.410304,0.03858024690972222,16666666.666666668
6f1aed5a-458f-11e9-861a-b469212bff5b,6dbbbdf6-4589-11e9-95a2-b469212bff5b,e19b082c-9647-11e9-8f73-b469212bff5b,6dbbbdf5-4589-11e9-82b2-b469212bff5b,2019-06-27 05:15:46.410304,2019-06-27 05:50:41.576063,0.024249603692129633,5237914.395963831
6f1aed5a-458f-11e9-861a-b469212bff5b,6dbbbdf6-4589-11e9-95a2-b469212bff5b,e19b56d4-9647-11e9-9ac3-b469212bff5b,6dbbbdf5-4589-11e9-82b2-b469212bff5b,2019-06-27 05:50:41.576063,2019-06-27 06:46:14.909396,0.03858024690972222,16666666.666666668
6f1aed5a-458f-11e9-861a-b469212bff5b,6dbbbdf6-4589-11e9-95a2-b469212bff5b,e19b7de4-9647-11e9-93e9-b469212bff5b,6dbbbdf4-4589-11e9-a501-b469212bff5b,2019-06-27 06:46:14.909396,2019-06-27 07:17:40.558578,0.021824643310185188,4714122.956367448
6f1aed5a-458f-11e9-861a-b469212bff5b,6dbbbdf6-4589-11e9-95a2-b469212bff5b,e19a92d8-9647-11e9-b400-b469212bff5b,6dbbbdf4-4589-11e9-a501-b469212bff5b,2019-06-27 07:17:40.558578,2019-06-27 08:13:13.891912,0.038580246921296295,16666666.666666668
6f1aed5a-458f-11e9-861a-b469212bff5b,6dbbbdf6-4589-11e9-95a2-b469212bff5b,e19b082c-9647-11e9-8f73-b469212bff5b,6dbbbdf5-4589-11e9-82b2-b469212bff5b,2019-06-27 08:13:13.891912,2019-06-27 08:48:09.057670,0.024249603680555558,5237914.395963831
6f1aed5a-458f-11e9-861a-b469212bff5b,6dbbbdf6-4589-11e9-95a2-b469212bff5b,e19b56d4-9647-11e9-9ac3-b469212bff5b,6dbbbdf5-4589-11e9-82b2-b469212bff5b,2019-06-27 08:48:09.057670,2019-06-27 09:43:42.391003,0.03858024690972222,16666666.666666668
6f1aed5a-458f-11e9-861a-b469212bff5b,6dbbbdf6-4589-11e9-95a2-b469212bff5b,e19b7de4-9647-11e9-93e9-b469212bff5b,6dbbbdf4-4589-11e9-a501-b469212bff5b,2019-06-27 09:43:42.391003,2019-06-27 10:15:08.040186,0.02182464332175926,4714122.956367448
6f1aed5a-458f-11e9-861a-b469212bff5b,6dbbbdf6-4589-11e9-95a2-b469212bff5b,e19a92d8-9647-11e9-b400-b469212bff5b,6dbbbdf4-4589-11e9-a501-b469212bff5b,2019-06-27 10:15:08.040186,2019-06-27 11:10:41.373519,0.03858024690972222,16666666.666666668
6f1aed5a-458f-11e9-861a-b469212bff5b,6dbbbdf6-4589-11e9-95a2-b469212bff5b,e19b082c-9647-11e9-8f73-b469212bff5b,6dbbbdf5-4589-11e9-82b2-b469212bff5b,2019-06-27 11:10:41.373519,2019-06-27 11:45:36.539278,0.024249603692129633,5237914.395963831
6f1aed5a-458f-11e9-861a-b469212bff5b,6dbbbdf6-4589-11e9-95a2-b469212bff5b,e19b56d4-9647-11e9-9ac3-b469212bff5b,6dbbbdf5-4589-11e9-82b2-b469212bff5b,2019-06-27 11:45:36.539278,2019-06-27 12:41:09.872611,0.03858024690972222,16666666.666666668
6f1aed5a-458f-11e9-861a-b469212bff5b,6dbbbdf6-4589-11e9-95a2-b469212bff5b,e19b7de4-9647-11e9-93e9-b469212bff5b,6dbbbdf4-4589-11e9-a501-b469212bff5b,2019-06-27 12:41:09.872611,2019-06-27 13:12:35.521793,0.021824643310185188,4714122.956367448
6f1aed5a-458f-11e9-861a-b469212bff5b,6dbbbdf6-4589-11e9-95a2-b469212bff5b,e19a92d8-9647-11e9-b400-b469212bff5b,6dbbbdf4-4589-11e9-a501-b469212bff5b,2019-06-27 13:12:35.521793,2019-06-27 14:08:08.855127,0.038580246921296295,16666666.666666668
6f1aed5a-458f-11e9-861a-b469212bff5b,6dbbbdf6-4589-11e9-95a2-b469212bff5b,e19b082c-9647-11e9-8f73-b469212bff5b,6dbbbdf5-4589-11e9-82b2-b469212bff5b,2019-06-27 14:08:08.855127,2019-06-27 14:43:04.020885,0.024249603680555558,5237914.395963831
6f1aed5a-458f-11e9-861a-b469212bff5b,6dbbbdf6-4589-11e9-95a2-b469212bff5b,e19b56d4-9647-11e9-9ac3-b469212bff5b,6dbbbdf5-4589-11e9-82b2-b469212bff5b,2019-06-27 14:43:04.020885,2019-06-27 15:38:37.354218,0.03858024690972222,16666666.666666668
6f1aed5a-458f-11e9-861a-b469212bff5b,6dbbbdf6-4589-11e9-95a2-b469212bff5b,e19b7de4-9647-11e9-93e9-b469212bff5b,6dbbbdf4-4589-11e9-a501-b469212bff5b,2019-06-27 15:38:37.354218,2019-06-27 16:10:03.003401,0.02182464332175926,4714122.956367448
6f1aed5a-458f-11e9-861a-b469212bff5b,6dbbbdf6-4589-11e9-95a2-b469212bff5b,e19a92d8-9647-11e9-b400-b469212bff5b,6dbbbdf4-4589-11e9-a501-b469212bff5b,2019-06-27 16:10:03.003401,2019-06-27 17:05:36.336734,0.03858024690972222,16666666.666666668
6f1aed5a-458f-11e9-861a-b469212bff5b,6dbbbdf6-4589-11e9-95a2-b469212bff5b,e19b082c-9647-11e9-8f73-b469212bff5b,6dbbbdf5-4589-11e9-82b2-b469212bff5b,2019-06-27 17:05:36.336734,2019-06-27 17:40:31.502492,0.024249603680555558,5237914.395963831
6f1aed5a-458f-11e9-861a-b469212bff5b,6dbbbdf6-4589-11e9-95a2-b469212bff5b,e19b56d4-9647-11e9-9ac3-b469212bff5b,6dbbbdf5-4589-11e9-82b2-b469212bff5b,2019-06-27 17:40:31.502492,2019-06-27 18:36:04.835826,0.038580246921296295,16666666.666666668
6f1aed5a-458f-11e9-861a-b469212bff5b,6dbbbdf6-4589-11e9-95a2-b469212bff5b,e19b7de4-9647-11e9-93e9-b469212bff5b,6dbbbdf4-4589-11e9-a501-b469212bff5b,2019-06-27 18:36:04.835826,2019-06-27 19:07:30.485008,0.021824643310185188,4714122.956367448
6f1aed5a-458f-11e9-861a-b469212bff5b,6dbbbdf6-4589-11e9-95a2-b469212bff5b,e19a92d8-9647-11e9-b400-b469212bff5b,6dbbbdf4-4589-11e9-a501-b469212bff5b,2019-06-27 19:07:30.485008,2019-06-27 20:03:03.818341,0.03858024690972222,16666666.666666668
6f1aed5a-458f-11e9-861a-b469212bff5b,6dbbbdf6-4589-11e9-95a2-b469212bff5b,e19b082c-9647-11e9-8f73-b469212bff5b,6dbbbdf5-4589-11e9-82b2-b469212bff5b,2019-06-27 20:03:03.818341,2019-06-27 20:37:58.984100,0.024249603692129633,5237914.395963831
6f1aed5a-458f-11e9-861a-b469212bff5b,6dbbbdf6-4589-11e9-95a2-b469212bff5b,e19b56d4-9647-11e9-9ac3-b469212bff5b,6dbbbdf5-4589-11e9-82b2-b469212bff5b,2019-06-27 20:37:58.984100,2019-06-27 21:33:32.317433,0.03858024690972222,16666666.666666668
6f1aed5a-458f-11e9-861a-b469212bff5b,6dbbbdf6-4589-11e9-95a2-b469212bff5b,e19b7de4-9647-11e9-93e9-b469212bff5b,6dbbbdf4-4589-11e9-a501-b469212bff5b,2019-06-27 21:33:32.317433,2019-06-27 22:04:57.966616,0.02182464332175926,4714122.956367448
6f1aed5a-458f-11e9-861a-b469212bff5b,6dbbbdf6-4589-11e9-95a2-b469212bff5b,e19a92d8-9647-11e9-b400-b469212bff5b,6dbbbdf4-4589-11e9-a501-b469212bff5b,2019-06-27 22:04:57.966616,2019-06-27 23:00:31.299949,0.03858024690972222,16666666.666666668
6f1aed5a-458f-11e9-861a-b469212bff5b,6dbbbdf6-4589-11e9-95a2-b469212bff5b,e19b082c-9647-11e9-8f73-b469212bff5b,6dbbbdf5-4589-11e9-82b2-b469212bff5b,2019-06-27 23:00:31.299949,2019-06-27 23:35:26.465707,0.024249603680555558,5237914.395963831
6f1aed5a-458f-11e9-861a-b469212bff5b,6dbbbdf6-4589-11e9-95a2-b469212bff5b,e19b56d4-9647-11e9-9ac3-b469212bff5b,6dbbbdf5-4589-11e9-82b2-b469212bff5b,2019-06-27 23:35:26.465707,2019-06-28 00:30:59.799041,0.038580246921296295,16666666.666666668
6f1aed5a-458f-11e9-861a-b469212bff5b,6dbbbdf6-4589-11e9-95a2-b469212bff5b,e19b7de4-9647-11e9-93e9-b469212bff5b,6dbbbdf4-4589-11e9-a501-b469212bff5b,2019-06-28 00:30:59.799041,2019-06-28 01:02:25.448223,0.021824643310185188,4714122.956367448
6f1aed5a-458f-11e9-861a-b469212bff5b,6dbbbdf6-4589-11e9-95a2-b469212bff5b,e19a92d8-9647-11e9-b400-b469212bff5b,6dbbbdf4-4589-11e9-a501-b469212bff5b,2019-06-28 01:02:25.448223,2019-06-28 01:57:58.781556,0.03858024690972222,16666666.666666668
6f1aed5a-458f-11e9-861a-b469212bff5b,6dbbbdf6-4589-11e9-95a2-b469212bff5b,e19b082c-9647-11e9-8f73-b469212bff5b,6dbbbdf5-4589-11e9-82b2-b469212bff5b,2019-06-28 01:57:58.781556,2019-06-28 02:32:53.947315,0.024249603692129633,5237914.395963831
6f1aed5a-458f-11e9-861a-b469212bff5b,6dbbbdf6-4589-11e9-95a2-b469212bff5b,e19b56d4-9647-11e9-9ac3-b469212bff5b,6dbbbdf5-4589-11e9-82b2-b469212bff5b,2019-06-28 02:32:53.947315,2019-06-28 03:28:27.280648,0.03858024690972222,16666666.666666668
6f1aed5a-458f-11e9-861a-b469212bff5b,6dbbbdf6-4589-11e9-95a2-b469212bff5b,e19b7de4-9647-11e9-93e9-b469212bff5b,6dbbbdf4-4589-11e9-a501-b469212bff5b,2019-06-28 03:28:27.280648,2019-06-28 03:59:52.929831,0.02182464332175926,4714122.956367448
6f1aed5a-458f-11e9-861a-b469212bff5b,6dbbbdf6-4589-11e9-95a2-b469212bff5b,e19a92d8-9647-11e9-b400-b469212bff5b,6dbbbdf4-4589-11e9-a501-b469212bff5b,2019-06-28 03:59:52.929831,2019-06-28 04:55:26.263164,0.03858024690972222,16666666.666666668
6f1aed5a-458f-11e9-861a-b469212bff5b,6dbbbdf6-4589-11e9-95a2-b469212bff5b,e19b082c-9647-11e9-8f73-b469212bff5b,6dbbbdf5-4589-11e9-82b2-b469212bff5b,2019-06-28 04:55:26.263164,2019-06-28 05:30:21.428922,0.024249603680555558,5237914.395963831
6f1aed5a-458f-11e9-861a-b469212bff5b,6dbbbdf6-4589-11e9-95a2-b469212bff5b,e19b56d4-9647-11e9-9ac3-b469212bff5b,6dbbbdf5-4589-11e9-82b2-b469212bff5b,2019-06-28 05:30:21.428922,2019-06-28 06:25:54.762255,0.03858024690972222,16666666.666666668
6f1aed5a-458f-11e9-861a-b469212bff5b,6dbbbdf6-4589-11e9-95a2-b469212bff5b,e19b7de4-9647-11e9-93e9-b469212bff5b,6dbbbdf4-4589-11e9-a501-b469212bff5b,2019-06-28 06:25:54.762255,2019-06-28 06:57:20.411438,0.02182464332175926,4714122.956367448
6f1aed5a-458f-11e9-861a-b469212bff5b,6dbbbdf6-4589-11e9-95a2-b469212bff5b,e19a92d8-9647-11e9-b400-b469212bff5b,6dbbbdf4-4589-11e9-a501-b469212bff5b,2019-06-28 06:57:20.411438,2019-06-28 07:52:53.744771,0.03858024690972222,16666666.666666668
6f1aed5a-458f-11e9-861a-b469212bff5b,6dbbbdf6-4589-11e9-95a2-b469212bff5b,e19b082c-9647-11e9-8f73-b469212bff5b,6dbbbdf5-4589-11e9-82b2-b469212bff5b,2019-06-28 07:52:53.744771,2019-06-28 08:27:48.910530,0.024249603692129633,5237914.395963831
6f1aed5a-458f-11e9-861a-b469212bff5b,6dbbbdf6-4589-11e9-95a2-b469212bff5b,e19b56d4-9647-11e9-9ac3-b469212bff5b,6dbbbdf5-4589-11e9-82b2-b469212bff5b,2019-06-28 08:27:48.910530,2019-06-28 09:23:22.243863,0.03858024690972222,16666666.666666668
6f1aed5a-458f-11e9-861a-b469212bff5b,6dbbbdf6-4589-11e9-95a2-b469212bff5b,e19b7de4-9647-11e9-93e9-b469212bff5b,6dbbbdf4-4589-11e9-a501-b469212bff5b,2019-06-28 09:23:22.243863,2019-06-28 09:54:47.893045,0.021824643310185188,4714122.956367448
6f1aed5a-458f-11e9-861a-b469212bff5b,6dbbbdf6-4589-11e9-95a2-b469212bff5b,e19a92d8-9647-11e9-b400-b469212bff5b,6dbbbdf4-4589-11e9-a501-b469212bff5b,2019-06-28 09:54:47.893045,2019-06-28 10:50:21.226379,0.038580246921296295,16666666.666666668
6f1aed5a-458f-11e9-861a-b469212bff5b,6dbbbdf6-4589-11e9-95a2-b469212bff5b,e19b082c-9647-11e9-8f73-b469212bff5b,6dbbbdf5-4589-11e9-82b2-b469212bff5b,2019-06-28 10:50:21.226379,2019-06-28 11:25:16.392137,0.024249603680555558,5237914.395963831
6f1aed5a-458f-11e9-861a-b469212bff5b,6dbbbdf6-4589-11e9-95a2-b469212bff5b,e19b56d4-9647-11e9-9ac3-b469212bff5b,6dbbbdf5-4589-11e9-82b2-b469212bff5b,2019-06-28 11:25:16.392137,2019-06-28 12:20:49.725470,0.03858024690972222,16666666.666666668
6f1aed5a-458f-11e9-861a-b469212bff5b,6dbbbdf6-4589-11e9-95a2-b469212bff5b,e19b7de4-9647-11e9-93e9-b469212bff5b,6dbbbdf4-4589-11e9-a501-b469212bff5b,2019-06-28 12:20:49.725470,2019-06-28 12:52:15.374653,0.02182464332175926,4714122.956367448
6f1aed5a-458f-11e9-861a-b469212bff5b,6dbbbdf6-4589-11e9-95a2-b469212bff5b,e19a92d8-9647-11e9-b400-b469212bff5b,6dbbbdf4-4589-11e9-a501-b469212bff5b,2019-06-28 12:52:15.374653,2019-06-28 13:47:48.707986,0.03858024690972222,16666666.666666668
6f1aed5a-458f-11e9-861a-b469212bff5b,6dbbbdf6-4589-11e9-95a2-b469212bff5b,e19b082c-9647-11e9-8f73-b469212bff5b,6dbbbdf5-4589-11e9-82b2-b469212bff5b,2019-06-28 13:47:48.707986,2019-06-28 14:22:43.873744,0.024249603680555558,5237914.395963831
6f1aed5a-458f-11e9-861a-b469212bff5b,6dbbbdf6-4589-11e9-95a2-b469212bff5b,e19b56d4-9647-11e9-9ac3-b469212bff5b,6dbbbdf5-4589-11e9-82b2-b469212bff5b,2019-06-28 14:22:43.873744,2019-06-28 15:18:17.207078,0.038580246921296295,16666666.666666668
6f1aed5a-458f-11e9-861a-b469212bff5b,6dbbbdf6-4589-11e9-95a2-b469212bff5b,e19b7de4-9647-11e9-93e9-b469212bff5b,6dbbbdf4-4589-11e9-a501-b469212bff5b,2019-06-28 15:18:17.207078,2019-06-28 15:49:42.856260,0.021824643310185188,4714122.956367448
6f1aed5a-458f-11e9-861a-b469212bff5b,6dbbbdf6-4589-11e9-95a2-b469212bff5b,e19a92d8-9647-11e9-b400-b469212bff5b,6dbbbdf4-4589-11e9-a501-b469212bff5b,2019-06-28 15:49:42.856260,2019-06-28 16:45:16.189594,0.038580246921296295,16666666.666666668
6f1aed5a-458f-11e9-861a-b469212bff5b,6dbbbdf6-4589-11e9-95a2-b469212bff5b,e19b082c-9647-11e9-8f73-b469212bff5b,6dbbbdf5-4589-11e9-82b2-b469212bff5b,2019-06-28 16:45:16.189594,2019-06-28 17:20:11.355352,0.024249603680555558,5237914.395963831
6f1aed5a-458f-11e9-861a-b469212bff5b,6dbbbdf6-4589-11e9-95a2-b469212bff5b,e19b56d4-9647-11e9-9ac3-b469212bff5b,6dbbbdf5-4589-11e9-82b2-b469212bff5b,2019-06-28 17:20:11.355352,2019-06-28 18:15:44.688685,0.03858024690972222,16666666.666666668
6f1aed5a-458f-11e9-861a-b469212bff5b,6dbbbdf6-4589-11e9-95a2-b469212bff5b,e19b7de4-9647-11e9-93e9-b469212bff5b,6dbbbdf4-4589-11e9-a501-b469212bff5b,2019-06-28 18:15:44.688685,2019-06-28 18:47:10.337868,0.02182464332175926,4714122.956367448
6f1aed5a-458f-11e9-861a-b469212bff5b,6dbbbdf6-4589-11e9-95a2-b469212bff5b,e19a92d8-9647-11e9-b400-b469212bff5b,6dbbbdf4-4589-11e9-a501-b469212bff5b,2019-06-28 18:47:10.337868,2019-06-28 19:42:43.671201,0.03858024690972222,16666666.666666668
6f1aed5a-458f-11e9-861a-b469212bff5b,6dbbbdf6-4589-11e9-95a2-b469212bff5b,e19b082c-9647-11e9-8f73-b469212bff5b,6dbbbdf5-4589-11e9-82b2-b469212bff5b,2019-06-28 19:42:43.671201,2019-06-28 20:17:38.836959,0.024249603680555558,5237914.395963831
6f1aed5a-458f-11e9-861a-b469212bff5b,6dbbbdf6-4589-11e9-95a2-b469212bff5b,e19b56d4-9647-11e9-9ac3-b469212bff5b,6dbbbdf5-4589-11e9-82b2-b469212bff5b,2019-06-28 20:17:38.836959,2019-06-28 21:13:12.170293,0.038580246921296295,16666666.666666668
6f1aed5a-458f-11e9-861a-b469212bff5b,6dbbbdf6-4589-11e9-95a2-b469212bff5b,e19b7de4-9647-11e9-93e9-b469212bff5b,6dbbbdf4-4589-11e9-a501-b469212bff5b,2019-06-28 21:13:12.170293,2019-06-28 21:44:37.819475,0.021824643310185188,4714122.956367448
6f1aed5a-458f-11e9-861a-b469212bff5b,6dbbbdf6-4589-11e9-95a2-b469212bff5b,e19a92d8-9647-11e9-b400-b469212bff5b,6dbbbdf4-4589-11e9-a501-b469212bff5b,2019-06-28 21:44:37.819475,2019-06-28 22:40:11.152808,0.03858024690972222,16666666.666666668
6f1aed5a-458f-11e9-861a-b469212bff5b,6dbbbdf6-4589-11e9-95a2-b469212bff5b,e19b082c-9647-11e9-8f73-b469212bff5b,6dbbbdf5-4589-11e9-82b2-b469212bff5b,2019-06-28 22:40:11.152808,2019-06-28 23:15:06.318567,0.024249603692129633,5237914.395963831
6f1aed5a-458f-11e9-861a-b469212bff5b,6dbbbdf6-4589-11e9-95a2-b469212bff5b,e19b56d4-9647-11e9-9ac3-b469212bff5b,6dbbbdf5-4589-11e9-82b2-b469212bff5b,2019-06-28 23:15:06.318567,2019-06-29 00:10:39.651900,0.03858024690972222,16666666.666666668
6f1aed5a-458f-11e9-861a-b469212bff5b,6dbbbdf6-4589-11e9-95a2-b469212bff5b,e19b7de4-9647-11e9-93e9-b469212bff5b,6dbbbdf4-4589-11e9-a501-b469212bff5b,2019-06-29 00:10:39.651900,2019-06-29 00:42:05.301083,0.02182464332175926,4714122.956367448
6f1aed5a-458f-11e9-861a-b469212bff5b,6dbbbdf6-4589-11e9-95a2-b469212bff5b,e19a92d8-9647-11e9-b400-b469212bff5b,6dbbbdf4-4589-11e9-a501-b469212bff5b,2019-06-29 00:42:05.301083,2019-06-29 01:37:38.634416,0.03858024690972222,16666666.666666668
6f1aed5a-458f-11e9-861a-b469212bff5b,6dbbbdf6-4589-11e9-95a2-b469212bff5b,e19b082c-9647-11e9-8f73-b469212bff5b,6dbbbdf5-4589-11e9-82b2-b469212bff5b,2019-06-29 01:37:38.634416,2019-06-29 02:12:33.800174,0.024249603680555558,5237914.395963831
6f1aed5a-458f-11e9-861a-b469212bff5b,6dbbbdf6-4589-11e9-95a2-b469212bff5b,e19b56d4-9647-11e9-9ac3-b469212bff5b,6dbbbdf5-4589-11e9-82b2-b469212bff5b,2019-06-29 02:12:33.800174,2019-06-29 03:08:07.133507,0.03858024690972222,16666666.666666668
6f1aed5a-458f-11e9-861a-b469212bff5b,6dbbbdf6-4589-11e9-95a2-b469212bff5b,e19b7de4-9647-11e9-93e9-b469212bff5b,6dbbbdf4-4589-11e9-a501-b469212bff5b,2019-06-29 03:08:07.133507,2019-06-29 03:39:32.782690,0.02182464332175926,4714122.956367448
6f1aed5a-458f-11e9-861a-b469212bff5b,6dbbbdf6-4589-11e9-95a2-b469212bff5b,e19a92d8-9647-11e9-b400-b469212bff5b,6dbbbdf4-4589-11e9-a501-b469212bff5b,2019-06-29 03:39:32.782690,2019-06-29 04:35:06.116023,0.03858024690972222,16666666.666666668
6f1aed5a-458f-11e9-861a-b469212bff5b,6dbbbdf6-4589-11e9-95a2-b469212bff5b,e19b082c-9647-11e9-8f73-b469212bff5b,6dbbbdf5-4589-11e9-82b2-b469212bff5b,2019-06-29 04:35:06.116023,2019-06-29 05:10:01.281782,0.024249603692129633,5237914.395963831
6f1aed5a-458f-11e9-861a-b469212bff5b,6dbbbdf6-4589-11e9-95a2-b469212bff5b,e19b56d4-9647-11e9-9ac3-b469212bff5b,6dbbbdf5-4589-11e9-82b2-b469212bff5b,2019-06-29 05:10:01.281782,2019-06-29 06:05:34.615115,0.03858024690972222,16666666.666666668
6f1aed5a-458f-11e9-861a-b469212bff5b,6dbbbdf6-4589-11e9-95a2-b469212bff5b,e19b7de4-9647-11e9-93e9-b469212bff5b,6dbbbdf4-4589-11e9-a501-b469212bff5b,2019-06-29 06:05:34.615115,2019-06-29 06:37:00.264297,0.021824643310185188,4714122.956367448
6f1aed5a-458f-11e9-861a-b469212bff5b,6dbbbdf6-4589-11e9-95a2-b469212bff5b,e19a92d8-9647-11e9-b400-b469212bff5b,6dbbbdf4-4589-11e9-a501-b469212bff5b,2019-06-29 06:37:00.264297,2019-06-29 07:32:33.597631,0.038580246921296295,16666666.666666668
6f1aed5a-458f-11e9-861a-b469212bff5b,6dbbbdf6-4589-11e9-95a2-b469212bff5b,e19b082c-9647-11e9-8f73-b469212bff5b,6dbbbdf5-4589-11e9-82b2-b469212bff5b,2019-06-29 07:32:33.597631,2019-06-29 08:07:28.763389,0.024249603680555558,5237914.395963831
6f1aed5a-458f-11e9-861a-b469212bff5b,6dbbbdf6-4589-11e9-95a2-b469212bff5b,e19b56d4-9647-11e9-9ac3-b469212bff5b,6dbbbdf5-4589-11e9-82b2-b469212bff5b,2019-06-29 08:07:28.763389,2019-06-29 09:03:02.096722,0.03858024690972222,16666666.666666668
6f1aed5a-458f-11e9-861a-b469212bff5b,6dbbbdf6-4589-11e9-95a2-b469212bff5b,e19b7de4-9647-11e9-93e9-b469212bff5b,6dbbbdf4-4589-11e9-a501-b469212bff5b,2019-06-29 09:03:02.096722,2019-06-29 09:34:27.745905,0.02182464332175926,4714122.956367448
6f1aed5a-458f-11e9-861a-b469212bff5b,6dbbbdf6-4589-11e9-95a2-b469212bff5b,e19a92d8-9647-11e9-b400-b469212bff5b,6dbbbdf4-4589-11e9-a501-b469212bff5b,2019-06-29 09:34:27.745905,2019-06-29 10:30:01.079238,0.03858024690972222,16666666.666666668
6f1aed5a-458f-11e9-861a-b469212bff5b,6dbbbdf6-4589-11e9-95a2-b469212bff5b,e19b082c-9647-11e9-8f73-b469212bff5b,6dbbbdf5-4589-11e9-82b2-b469212bff5b,2019-06-29 10:30:01.079238,2019-06-29 11:04:56.244997,0.024249603692129633,5237914.395963831
6f1aed5a-458f-11e9-861a-b469212bff5b,6dbbbdf6-4589-11e9-95a2-b469212bff5b,e19b56d4-9647-11e9-9ac3-b469212bff5b,6dbbbdf5-4589-11e9-82b2-b469212bff5b,2019-06-29 11:04:56.244997,2019-06-29 12:00:29.578330,0.03858024690972222,16666666.666666668
6f1aed5a-458f-11e9-861a-b469212bff5b,6dbbbdf6-4589-11e9-95a2-b469212bff5b,e19b7de4-9647-11e9-93e9-b469212bff5b,6dbbbdf4-4589-11e9-a501-b469212bff5b,2019-06-29 12:00:29.578330,2019-06-29 12:31:55.227512,0.021824643310185188,4714122.956367448
6f1aed5a-458f-11e9-861a-b469212bff5b,6dbbbdf6-4589-11e9-95a2-b469212bff5b,e19a92d8-9647-11e9-b400-b469212bff5b,6dbbbdf4-4589-11e9-a501-b469212bff5b,2019-06-29 12:31:55.227512,2019-06-29 13:27:28.560846,0.038580246921296295,16666666.666666668
6f1aed5a-458f-11e9-861a-b469212bff5b,6dbbbdf6-4589-11e9-95a2-b469212bff5b,e19b082c-9647-11e9-8f73-b469212bff5b,6dbbbdf5-4589-11e9-82b2-b469212bff5b,2019-06-29 13:27:28.560846,2019-06-29 14:02:23.726604,0.024249603680555558,5237914.395963831
6f1aed5a-458f-11e9-861a-b469212bff5b,6dbbbdf6-4589-11e9-95a2-b469212bff5b,e19b56d4-9647-11e9-9ac3-b469212bff5b,6dbbbdf5-4589-11e9-82b2-b469212bff5b,2019-06-29 14:02:23.726604,2019-06-29 14:57:57.059937,0.03858024690972222,16666666.666666668
6f1aed5a-458f-11e9-861a-b469212bff5b,6dbbbdf6-4589-11e9-95a2-b469212bff5b,e19b7de4-9647-11e9-93e9-b469212bff5b,6dbbbdf4-4589-11e9-a501-b469212bff5b,2019-06-29 14:57:57.059937,2019-06-29 15:29:22.709120,0.02182464332175926,4714122.956367448
6f1aed5a-458f-11e9-861a-b469212bff5b,6dbbbdf6-4589-11e9-95a2-b469212bff5b,e19a92d8-9647-11e9-b400-b469212bff5b,6dbbbdf4-4589-11e9-a501-b469212bff5b,2019-06-29 15:29:22.709120,2019-06-29 16:24:56.042453,0.03858024690972222,16666666.666666668
6f1aed5a-458f-11e9-861a-b469212bff5b,6dbbbdf6-4589-11e9-95a2-b469212bff5b,e19b082c-9647-11e9-8f73-b469212bff5b,6dbbbdf5-4589-11e9-82b2-b469212bff5b,2019-06-29 16:24:56.042453,2019-06-29 16:59:51.208211,0.024249603680555558,5237914.395963831
6f1aed5a-458f-11e9-861a-b469212bff5b,6dbbbdf6-4589-11e9-95a2-b469212bff5b,e19b56d4-9647-11e9-9ac3-b469212bff5b,6dbbbdf5-4589-11e9-82b2-b469212bff5b,2019-06-29 16:59:51.208211,2019-06-29 17:55:24.541545,0.038580246921296295,16666666.666666668
6f1aed5a-458f-11e9-861a-b469212bff5b,6dbbbdf6-4589-11e9-95a2-b469212bff5b,e19b7de4-9647-11e9-93e9-b469212bff5b,6dbbbdf4-4589-11e9-a501-b469212bff5b,2019-06-29 17:55:24.541545,2019-06-29 18:26:50.190727,0.021824643310185188,4714122.956367448
6f1aed5a-458f-11e9-861a-b469212bff5b,6dbbbdf6-4589-11e9-95a2-b469212bff5b,e19a92d8-9647-11e9-b400-b469212bff5b,6dbbbdf4-4589-11e9-a501-b469212bff5b,2019-06-29 18:26:50.190727,2019-06-29 19:22:23.524060,0.03858024690972222,16666666.666666668
6f1aed5a-458f-11e9-861a-b469212bff5b,6dbbbdf6-4589-11e9-95a2-b469212bff5b,e19b082c-9647-11e9-8f73-b469212bff5b,6dbbbdf5-4589-11e9-82b2-b469212bff5b,2019-06-29 19:22:23.524060,2019-06-29 19:57:18.689819,0.024249603692129633,5237914.395963831
6f1aed5a-458f-11e9-861a-b469212bff5b,6dbbbdf6-4589-11e9-95a2-b469212bff5b,e19b56d4-9647-11e9-9ac3-b469212bff5b,6dbbbdf5-4589-11e9-82b2-b469212bff5b,2019-06-29 19:57:18.689819,2019-06-29 20:52:52.023152,0.03858024690972222,16666666.666666668
6f1aed5a-458f-11e9-861a-b469212bff5b,6dbbbdf6-4589-11e9-95a2-b469212bff5b,e19b7de4-9647-11e9-93e9-b469212bff5b,6dbbbdf4-4589-11e9-a501-b469212bff5b,2019-06-29 20:52:52.023152,2019-06-29 21:24:17.672335,0.02182464332175926,4714122.956367448
6f1aed5a-458f-11e9-861a-b469212bff5b,6dbbbdf6-4589-11e9-95a2-b469212bff5b,e19a92d8-9647-11e9-b400-b469212bff5b,6dbbbdf4-4589-11e9-a501-b469212bff5b,2019-06-29 21:24:17.672335,2019-06-29 22:19:51.005668,0.03858024690972222,16666666.666666668
6f1aed5a-458f-11e9-861a-b469212bff5b,6dbbbdf6-4589-11e9-95a2-b469212bff5b,e19b082c-9647-11e9-8f73-b469212bff5b,6dbbbdf5-4589-11e9-82b2-b469212bff5b,2019-06-29 22:19:51.005668,2019-06-29 22:54:46.171426,0.024249603680555558,5237914.395963831
6f1aed5a-458f-11e9-861a-b469212bff5b,6dbbbdf6-4589-11e9-95a2-b469212bff5b,e19b56d4-9647-11e9-9ac3-b469212bff5b,6dbbbdf5-4589-11e9-82b2-b469212bff5b,2019-06-29 22:54:46.171426,2019-06-29 23:50:19.504760,0.038580246921296295,16666666.666666668
6f1aed5a-458f-11e9-861a-b469212bff5b,6dbbbdf6-4589-11e9-95a2-b469212bff5b,e19b7de4-9647-11e9-93e9-b469212bff5b,6dbbbdf4-4589-11e9-a501-b469212bff5b,2019-06-29 23:50:19.504760,2019-06-30 00:21:45.153942,0.021824643310185188,4714122.956367448
6f1aed5a-458f-11e9-861a-b469212bff5b,6dbbbdf6-4589-11e9-95a2-b469212bff5b,e19a92d8-9647-11e9-b400-b469212bff5b,6dbbbdf4-4589-11e9-a501-b469212bff5b,2019-06-30 00:21:45.153942,2019-06-30 01:17:18.487275,0.03858024690972222,16666666.666666668
6f1aed5a-458f-11e9-861a-b469212bff5b,6dbbbdf6-4589-11e9-95a2-b469212bff5b,e19b082c-9647-11e9-8f73-b469212bff5b,6dbbbdf5-4589-11e9-82b2-b469212bff5b,2019-06-30 01:17:18.487275,2019-06-30 01:52:13.653034,0.024249603692129633,5237914.395963831
6f1aed5a-458f-11e9-861a-b469212bff5b,6dbbbdf6-4589-11e9-95a2-b469212bff5b,e19b56d4-9647-11e9-9ac3-b469212bff5b,6dbbbdf5-4589-11e9-82b2-b469212bff5b,2019-06-30 01:52:13.653034,2019-06-30 02:47:46.986367,0.03858024690972222,16666666.666666668
6f1aed5a-458f-11e9-861a-b469212bff5b,6dbbbdf6-4589-11e9-95a2-b469212bff5b,e19b7de4-9647-11e9-93e9-b469212bff5b,6dbbbdf4-4589-11e9-a501-b469212bff5b,2019-06-30 02:47:46.986367,2019-06-30 03:19:12.635550,0.02182464332175926,4714122.956367448
6f1aed5a-458f-11e9-861a-b469212bff5b,6dbbbdf6-4589-11e9-95a2-b469212bff5b,e19a92d8-9647-11e9-b400-b469212bff5b,6dbbbdf4-4589-11e9-a501-b469212bff5b,2019-06-30 03:19:12.635550,2019-06-30 04:14:45.968883,0.03858024690972222,16666666.666666668
6f1aed5a-458f-11e9-861a-b469212bff5b,6dbbbdf6-4589-11e9-95a2-b469212bff5b,e19b082c-9647-11e9-8f73-b469212bff5b,6dbbbdf5-4589-11e9-82b2-b469212bff5b,2019-06-30 04:14:45.968883,2019-06-30 04:49:41.134641,0.024249603680555558,5237914.395963831
6f1aed5a-458f-11e9-861a-b469212bff5b,6dbbbdf6-4589-11e9-95a2-b469212bff5b,e19b56d4-9647-11e9-9ac3-b469212bff5b,6dbbbdf5-4589-11e9-82b2-b469212bff5b,2019-06-30 04:49:41.134641,2019-06-30 05:45:14.467974,0.03858024690972222,16666666.666666668
6f1aed5a-458f-11e9-861a-b469212bff5b,6dbbbdf6-4589-11e9-95a2-b469212bff5b,e19b7de4-9647-11e9-93e9-b469212bff5b,6dbbbdf4-4589-11e9-a501-b469212bff5b,2019-06-30 05:45:14.467974,2019-06-30 06:16:40.117157,0.02182464332175926,4714122.956367448
6f1aed5a-458f-11e9-861a-b469212bff5b,6dbbbdf6-4589-11e9-95a2-b469212bff5b,e19a92d8-9647-11e9-b400-b469212bff5b,6dbbbdf4-4589-11e9-a501-b469212bff5b,2019-06-30 06:16:40.117157,2019-06-30 07:12:13.450490,0.03858024690972222,16666666.666666668
6f1aed5a-458f-11e9-861a-b469212bff5b,6dbbbdf6-4589-11e9-95a2-b469212bff5b,e19b082c-9647-11e9-8f73-b469212bff5b,6dbbbdf5-4589-11e9-82b2-b469212bff5b,2019-06-30 07:12:13.450490,2019-06-30 07:47:08.616249,0.024249603692129633,5237914.395963831
6f1aed5a-458f-11e9-861a-b469212bff5b,6dbbbdf6-4589-11e9-95a2-b469212bff5b,e19b56d4-9647-11e9-9ac3-b469212bff5b,6dbbbdf5-4589-11e9-82b2-b469212bff5b,2019-06-30 07:47:08.616249,2019-06-30 08:42:41.949582,0.03858024690972222,16666666.666666668
6f1aed5a-458f-11e9-861a-b469212bff5b,6dbbbdf6-4589-11e9-95a2-b469212bff5b,e19b7de4-9647-11e9-93e9-b469212bff5b,6dbbbdf4-4589-11e9-a501-b469212bff5b,2019-06-30 08:42:41.949582,2019-06-30 09:14:07.598764,0.021824643310185188,4714122.956367448
6f1aed5a-458f-11e9-861a-b469212bff5b,6dbbbdf6-4589-11e9-95a2-b469212bff5b,e19a92d8-9647-11e9-b400-b469212bff5b,6dbbbdf4-4589-11e9-a501-b469212bff5b,2019-06-30 09:14:07.598764,2019-06-30 10:09:40.932098,0.038580246921296295,16666666.666666668
6f1aed5a-458f-11e9-861a-b469212bff5b,6dbbbdf6-4589-11e9-95a2-b469212bff5b,e19b082c-9647-11e9-8f73-b469212bff5b,6dbbbdf5-4589-11e9-82b2-b469212bff5b,2019-06-30 10:09:40.932098,2019-06-30 10:44:36.097856,0.024249603680555558,5237914.395963831
6f1aed5a-458f-11e9-861a-b469212bff5b,6dbbbdf6-4589-11e9-95a2-b469212bff5b,e19b56d4-9647-11e9-9ac3-b469212bff5b,6dbbbdf5-4589-11e9-82b2-b469212bff5b,2019-06-30 10:44:36.097856,2019-06-30 11:40:09.431189,0.03858024690972222,16666666.666666668
6f1aed5a-458f-11e9-861a-b469212bff5b,6dbbbdf6-4589-11e9-95a2-b469212bff5b,e19b7de4-9647-11e9-93e9-b469212bff5b,6dbbbdf4-4589-11e9-a501-b469212bff5b,2019-06-30 11:40:09.431189,2019-06-30 12:11:35.080372,0.02182464332175926,4714122.956367448
6f1aed5a-458f-11e9-861a-b469212bff5b,6dbbbdf6-4589-11e9-95a2-b469212bff5b,e19a92d8-9647-11e9-b400-b469212bff5b,6dbbbdf4-4589-11e9-a501-b469212bff5b,2019-06-30 12:11:35.080372,2019-06-30 13:07:08.413705,0.03858024690972222,16666666.666666668
6f1aed5a-458f-11e9-861a-b469212bff5b,6dbbbdf6-4589-11e9-95a2-b469212bff5b,e19b082c-9647-11e9-8f73-b469212bff5b,6dbbbdf5-4589-11e9-82b2-b469212bff5b,2019-06-30 13:07:08.413705,2019-06-30 13:42:03.579463,0.024249603680555558,5237914.395963831
6f1aed5a-458f-11e9-861a-b469212bff5b,6dbbbdf6-4589-11e9-95a2-b469212bff5b,e19b56d4-9647-11e9-9ac3-b469212bff5b,6dbbbdf5-4589-11e9-82b2-b469212bff5b,2019-06-30 13:42:03.579463,2019-06-30 14:37:36.912797,0.038580246921296295,16666666.666666668
6f1aed5a-458f-11e9-861a-b469212bff5b,6dbbbdf6-4589-11e9-95a2-b469212bff5b,e19b7de4-9647-11e9-93e9-b469212bff5b,6dbbbdf4-4589-11e9-a501-b469212bff5b,2019-06-30 14:37:36.912797,2019-06-30 15:09:02.561979,0.021824643310185188,4714122.956367448
6f1aed5a-458f-11e9-861a-b469212bff5b,6dbbbdf6-4589-11e9-95a2-b469212bff5b,e19a92d8-9647-11e9-b400-b469212bff5b,6dbbbdf4-4589-11e9-a501-b469212bff5b,2019-06-30 15:09:02.561979,2019-06-30 16:04:35.895313,0.038580246921296295,16666666.666666668
6f1aed5a-458f-11e9-861a-b469212bff5b,6dbbbdf6-4589-11e9-95a2-b469212bff5b,e19b082c-9647-11e9-8f73-b469212bff5b,6dbbbdf5-4589-11e9-82b2-b469212bff5b,2019-06-30 16:04:35.895313,2019-06-30 16:39:31.061071,0.024249603680555558,5237914.395963831
6f1aed5a-458f-11e9-861a-b469212bff5b,6dbbbdf6-4589-11e9-95a2-b469212bff5b,e19b56d4-9647-11e9-9ac3-b469212bff5b,6dbbbdf5-4589-11e9-82b2-b469212bff5b,2019-06-30 16:39:31.061071,2019-06-30 17:35:04.394404,0.03858024690972222,16666666.666666668
6f1aed5a-458f-11e9-861a-b469212bff5b,6dbbbdf6-4589-11e9-95a2-b469212bff5b,e19b7de4-9647-11e9-93e9-b469212bff5b,6dbbbdf4-4589-11e9-a501-b469212bff5b,2019-06-30 17:35:04.394404,2019-06-30 18:06:30.043587,0.02182464332175926,4714122.956367448
6f1aed5a-458f-11e9-861a-b469212bff5b,6dbbbdf6-4589-11e9-95a2-b469212bff5b,e19a92d8-9647-11e9-b400-b469212bff5b,6dbbbdf4-4589-11e9-a501-b469212bff5b,2019-06-30 18:06:30.043587,2019-06-30 19:02:03.376920,0.03858024690972222,16666666.666666668
6f1aed5a-458f-11e9-861a-b469212bff5b,6dbbbdf6-4589-11e9-95a2-b469212bff5b,e19b082c-9647-11e9-8f73-b469212bff5b,6dbbbdf5-4589-11e9-82b2-b469212bff5b,2019-06-30 19:02:03.376920,2019-06-30 19:36:58.542678,0.024249603680555558,5237914.395963831
6f1aed5a-458f-11e9-861a-b469212bff5b,6dbbbdf6-4589-11e9-95a2-b469212bff5b,e19b56d4-9647-11e9-9ac3-b469212bff5b,6dbbbdf5-4589-11e9-82b2-b469212bff5b,2019-06-30 19:36:58.542678,2019-06-30 20:32:31.876012,0.038580246921296295,16666666.666666668
6f1aed5a-458f-11e9-861a-b469212bff5b,6dbbbdf6-4589-11e9-95a2-b469212bff5b,e19b7de4-9647-11e9-93e9-b469212bff5b,6dbbbdf4-4589-11e9-a501-b469212bff5b,2019-06-30 20:32:31.876012,2019-06-30 21:03:57.525194,0.021824643310185188,4714122.956367448
6f1aed5a-458f-11e9-861a-b469212bff5b,6dbbbdf6-4589-11e9-95a2-b469212bff5b,e19a92d8-9647-11e9-b400-b469212bff5b,6dbbbdf4-4589-11e9-a501-b469212bff5b,2019-06-30 21:03:57.525194,2019-06-30 21:59:30.858527,0.03858024690972222,16666666.666666668
6f1aed5a-458f-11e9-861a-b469212bff5b,6dbbbdf6-4589-11e9-95a2-b469212bff5b,e19b082c-9647-11e9-8f73-b469212bff5b,6dbbbdf5-4589-11e9-82b2-b469212bff5b,2019-06-30 21:59:30.858527,2019-06-30 22:34:26.024286,0.024249603692129633,5237914.395963831
6f1aed5a-458f-11e9-861a-b469212bff5b,6dbbbdf6-4589-11e9-95a2-b469212bff5b,e19b56d4-9647-11e9-9ac3-b469212bff5b,6dbbbdf5-4589-11e9-82b2-b469212bff5b,2019-06-30 22:34:26.024286,2019-06-30 23:29:59.357619,0.03858024690972222,16666666.666666668
6f1aed5a-458f-11e9-861a-b469212bff5b,6dbbbdf6-4589-11e9-95a2-b469212bff5b,e19b7de4-9647-11e9-93e9-b469212bff5b,6dbbbdf4-4589-11e9-a501-b469212bff5b,2019-06-30 23:29:59.357619,2019-07-01 00:01:25.006802,0.02182464332175926,4714122.956367448
6f1aed5a-458f-11e9-861a-b469212bff5b,6dbbbdf6-4589-11e9-95a2-b469212bff5b,e19a92d8-9647-11e9-b400-b469212bff5b,6dbbbdf4-4589-11e9-a501-b469212bff5b,2019-07-01 00:01:25.006802,2019-07-01 00:56:58.340135,0.03858024690972222,16666666.666666668
6f1aed5a-458f-11e9-861a-b469212bff5b,6dbbbdf6-4589-11e9-95a2-b469212bff5b,e19b082c-9647-11e9-8f73-b469212bff5b,6dbbbdf5-4589-11e9-82b2-b469212bff5b,2019-07-01 00:56:58.340135,2019-07-01 01:31:53.505893,0.024249603680555558,5237914.395963831
6f1aed5a-458f-11e9-861a-b469212bff5b,6dbbbdf6-4589-11e9-95a2-b469212bff5b,e19b56d4-9647-11e9-9ac3-b469212bff5b,6dbbbdf5-4589-11e9-82b2-b469212bff5b,2019-07-01 01:31:53.505893,2019-07-01 02:27:26.839226,0.03858024690972222,16666666.666666668
6f1aed5a-458f-11e9-861a-b469212bff5b,6dbbbdf6-4589-11e9-95a2-b469212bff5b,e19b7de4-9647-11e9-93e9-b469212bff5b,6dbbbdf4-4589-11e9-a501-b469212bff5b,2019-07-01 02:27:26.839226,2019-07-01 02:58:52.488409,0.02182464332175926,4714122.956367448
6f1aed5a-458f-11e9-861a-b469212bff5b,6dbbbdf6-4589-11e9-95a2-b469212bff5b,e19a92d8-9647-11e9-b400-b469212bff5b,6dbbbdf4-4589-11e9-a501-b469212bff5b,2019-07-01 02:58:52.488409,2019-07-01 03:54:25.821742,0.03858024690972222,16666666.666666668
6f1aed5a-458f-11e9-861a-b469212bff5b,6dbbbdf6-4589-11e9-95a2-b469212bff5b,e19b082c-9647-11e9-8f73-b469212bff5b,6dbbbdf5-4589-11e9-82b2-b469212bff5b,2019-07-01 03:54:25.821742,2019-07-01 04:29:20.987501,0.024249603692129633,5237914.395963831
6f1aed5a-458f-11e9-861a-b469212bff5b,6dbbbdf6-4589-11e9-95a2-b469212bff5b,e19b56d4-9647-11e9-9ac3-b469212bff5b,6dbbbdf5-4589-11e9-82b2-b469212bff5b,2019-07-01 04:29:20.987501,2019-07-01 05:24:54.320834,0.03858024690972222,16666666.666666668
6f1aed5a-458f-11e9-861a-b469212bff5b,6dbbbdf6-4589-11e9-95a2-b469212bff5b,e19b7de4-9647-11e9-93e9-b469212bff5b,6dbbbdf4-4589-11e9-a501-b469212bff5b,2019-07-01 05:24:54.320834,2019-07-01 05:56:19.970016,0.021824643310185188,4714122.956367448
6f1aed5a-458f-11e9-861a-b469212bff5b,6dbbbdf6-4589-11e9-95a2-b469212bff5b,e19a92d8-9647-11e9-b400-b469212bff5b,6dbbbdf4-4589-11e9-a501-b469212bff5b,2019-07-01 05:56:19.970016,2019-07-01 06:51:53.303350,0.038580246921296295,16666666.666666668
6f1aed5a-458f-11e9-861a-b469212bff5b,6dbbbdf6-4589-11e9-95a2-b469212bff5b,e19b082c-9647-11e9-8f73-b469212bff5b,6dbbbdf5-4589-11e9-82b2-b469212bff5b,2019-07-01 06:51:53.303350,2019-07-01 07:26:48.469108,0.024249603680555558,5237914.395963831
6f1aed5a-458f-11e9-861a-b469212bff5b,6dbbbdf6-4589-11e9-95a2-b469212bff5b,e19b56d4-9647-11e9-9ac3-b469212bff5b,6dbbbdf5-4589-11e9-82b2-b469212bff5b,2019-07-01 07:26:48.469108,2019-07-01 08:22:21.802441,0.03858024690972222,16666666.666666668
6f1aed5a-458f-11e9-861a-b469212bff5b,6dbbbdf6-4589-11e9-95a2-b469212bff5b,e19b7de4-9647-11e9-93e9-b469212bff5b,6dbbbdf4-4589-11e9-a501-b469212bff5b,2019-07-01 08:22:21.802441,2019-07-01 08:53:47.451624,0.02182464332175926,4714122.956367448
6f1aed5a-458f-11e9-861a-b469212bff5b,6dbbbdf6-4589-11e9-95a2-b469212bff5b,e19a92d8-9647-11e9-b400-b469212bff5b,6dbbbdf4-4589-11e9-a501-b469212bff5b,2019-07-01 08:53:47.451624,2019-07-01 09:49:20.784957,0.03858024690972222,16666666.666666668
6f1aed5a-458f-11e9-861a-b469212bff5b,6dbbbdf6-4589-11e9-95a2-b469212bff5b,e19b082c-9647-11e9-8f73-b469212bff5b,6dbbbdf5-4589-11e9-82b2-b469212bff5b,2019-07-01 09:49:20.784957,2019-07-01 10:24:15.950716,0.024249603692129633,5237914.395963831
6f1aed5a-458f-11e9-861a-b469212bff5b,6dbbbdf6-4589-11e9-95a2-b469212bff5b,e19b56d4-9647-11e9-9ac3-b469212bff5b,6dbbbdf5-4589-11e9-82b2-b469212bff5b,2019-07-01 10:24:15.950716,2019-07-01 11:19:49.284049,0.03858024690972222,16666666.666666668
6f1aed5a-458f-11e9-861a-b469212bff5b,6dbbbdf6-4589-11e9-95a2-b469212bff5b,e19b7de4-9647-11e9-93e9-b469212bff5b,6dbbbdf4-4589-11e9-a501-b469212bff5b,2019-07-01 11:19:49.284049,2019-07-01 11:51:14.933231,0.021824643310185188,4714122.956367448
6f1aed5a-458f-11e9-861a-b469212bff5b,6dbbbdf6-4589-11e9-95a2-b469212bff5b,e19a92d8-9647-11e9-b400-b469212bff5b,6dbbbdf4-4589-11e9-a501-b469212bff5b,2019-07-01 11:51:14.933231,2019-07-01 12:46:48.266565,0.038580246921296295,16666666.666666668
6f1aed5a-458f-11e9-861a-b469212bff5b,6dbbbdf6-4589-11e9-95a2-b469212bff5b,e19b082c-9647-11e9-8f73-b469212bff5b,6dbbbdf5-4589-11e9-82b2-b469212bff5b,2019-07-01 12:46:48.266565,2019-07-01 13:21:43.432323,0.024249603680555558,5237914.395963831
6f1aed5a-458f-11e9-861a-b469212bff5b,6dbbbdf6-4589-11e9-95a2-b469212bff5b,e19b56d4-9647-11e9-9ac3-b469212bff5b,6dbbbdf5-4589-11e9-82b2-b469212bff5b,2019-07-01 13:21:43.432323,2019-07-01 14:17:16.765656,0.03858024690972222,16666666.666666668
6f1aed5a-458f-11e9-861a-b469212bff5b,6dbbbdf6-4589-11e9-95a2-b469212bff5b,e19b7de4-9647-11e9-93e9-b469212bff5b,6dbbbdf4-4589-11e9-a501-b469212bff5b,2019-07-01 14:17:16.765656,2019-07-01 14:48:42.414839,0.02182464332175926,4714122.956367448
6f1aed5a-458f-11e9-861a-b469212bff5b,6dbbbdf6-4589-11e9-95a2-b469212bff5b,e19a92d8-9647-11e9-b400-b469212bff5b,6dbbbdf4-4589-11e9-a501-b469212bff5b,2019-07-01 14:48:42.414839,2019-07-01 15:44:15.748172,0.03858024690972222,16666666.666666668
6f1aed5a-458f-11e9-861a-b469212bff5b,6dbbbdf6-4589-11e9-95a2-b469212bff5b,e19b082c-9647-11e9-8f73-b469212bff5b,6dbbbdf5-4589-11e9-82b2-b469212bff5b,2019-07-01 15:44:15.748172,2019-07-01 16:19:10.913930,0.024249603680555558,5237914.395963831
6f1aed5a-458f-11e9-861a-b469212bff5b,6dbbbdf6-4589-11e9-95a2-b469212bff5b,e19b56d4-9647-11e9-9ac3-b469212bff5b,6dbbbdf5-4589-11e9-82b2-b469212bff5b,2019-07-01 16:19:10.913930,2019-07-01 17:14:44.247264,0.038580246921296295,16666666.666666668
6f1aed5a-458f-11e9-861a-b469212bff5b,6dbbbdf6-4589-11e9-95a2-b469212bff5b,e19b7de4-9647-11e9-93e9-b469212bff5b,6dbbbdf4-4589-11e9-a501-b469212bff5b,2019-07-01 17:14:44.247264,2019-07-01 17:46:09.896446,0.021824643310185188,4714122.956367448
6f1aed5a-458f-11e9-861a-b469212bff5b,6dbbbdf6-4589-11e9-95a2-b469212bff5b,e19a92d8-9647-11e9-b400-b469212bff5b,6dbbbdf4-4589-11e9-a501-b469212bff5b,2019-07-01 17:46:09.896446,2019-07-01 18:41:43.229779,0.03858024690972222,16666666.666666668
6f1aed5a-458f-11e9-861a-b469212bff5b,6dbbbdf6-4589-11e9-95a2-b469212bff5b,e19b082c-9647-11e9-8f73-b469212bff5b,6dbbbdf5-4589-11e9-82b2-b469212bff5b,2019-07-01 18:41:43.229779,2019-07-01 19:16:38.395538,0.024249603692129633,5237914.395963831
6f1aed5a-458f-11e9-861a-b469212bff5b,6dbbbdf6-4589-11e9-95a2-b469212bff5b,e19b56d4-9647-11e9-9ac3-b469212bff5b,6dbbbdf5-4589-11e9-82b2-b469212bff5b,2019-07-01 19:16:38.395538,2019-07-01 20:12:11.728871,0.03858024690972222,16666666.666666668
6f1aed5a-458f-11e9-861a-b469212bff5b,6dbbbdf6-4589-11e9-95a2-b469212bff5b,e19b7de4-9647-11e9-93e9-b469212bff5b,6dbbbdf4-4589-11e9-a501-b469212bff5b,2019-07-01 20:12:11.728871,2019-07-01 20:43:37.378054,0.02182464332175926,4714122.956367448
6f1aed5a-458f-11e9-861a-b469212bff5b,6dbbbdf6-4589-11e9-95a2-b469212bff5b,e19a92d8-9647-11e9-b400-b469212bff5b,6dbbbdf4-4589-11e9-a501-b469212bff5b,2019-07-01 20:43:37.378054,2019-07-01 21:39:10.711387,0.03858024690972222,16666666.666666668
6f1aed5a-458f-11e9-861a-b469212bff5b,6dbbbdf6-4589-11e9-95a2-b469212bff5b,e19b082c-9647-11e9-8f73-b469212bff5b,6dbbbdf5-4589-11e9-82b2-b469212bff5b,2019-07-01 21:39:10.711387,2019-07-01 22:14:05.877145,0.024249603680555558,5237914.395963831
6f1aed5a-458f-11e9-861a-b469212bff5b,6dbbbdf6-4589-11e9-95a2-b469212bff5b,e19b56d4-9647-11e9-9ac3-b469212bff5b,6dbbbdf5-4589-11e9-82b2-b469212bff5b,2019-07-01 22:14:05.877145,2019-07-01 23:09:39.210479,0.038580246921296295,16666666.666666668
6f1aed5a-458f-11e9-861a-b469212bff5b,6dbbbdf6-4589-11e9-95a2-b469212bff5b,e19b7de4-9647-11e9-93e9-b469212bff5b,6dbbbdf4-4589-11e9-a501-b469212bff5b,2019-07-01 23:09:39.210479,2019-07-01 23:41:04.859661,0.021824643310185188,4714122.956367448
6f1aed5a-458f-11e9-861a-b469212bff5b,6dbbbdf6-4589-11e9-95a2-b469212bff5b,e19a92d8-9647-11e9-b400-b469212bff5b,6dbbbdf4-4589-11e9-a501-b469212bff5b,2019-07-01 23:41:04.859661,2019-07-02 00:36:38.192994,0.03858024690972222,16666666.666666668
6f1aed5a-458f-11e9-861a-b469212bff5b,6dbbbdf6-4589-11e9-95a2-b469212bff5b,e19b082c-9647-11e9-8f73-b469212bff5b,6dbbbdf5-4589-11e9-82b2-b469212bff5b,2019-07-02 00:36:38.192994,2019-07-02 01:11:33.358753,0.024249603692129633,5237914.395963831
6f1aed5a-458f-11e9-861a-b469212bff5b,6dbbbdf6-4589-11e9-95a2-b469212bff5b,e19b56d4-9647-11e9-9ac3-b469212bff5b,6dbbbdf5-4589-11e9-82b2-b469212bff5b,2019-07-02 01:11:33.358753,2019-07-02 02:07:06.692086,0.03858024690972222,16666666.666666668
6f1aed5a-458f-11e9-861a-b469212bff5b,6dbbbdf6-4589-11e9-95a2-b469212bff5b,e19b7de4-9647-11e9-93e9-b469212bff5b,6dbbbdf4-4589-11e9-a501-b469212bff5b,2019-07-02 02:07:06.692086,2019-07-02 02:38:32.341269,0.02182464332175926,4714122.956367448
6f1aed5a-458f-11e9-861a-b469212bff5b,6dbbbdf6-4589-11e9-95a2-b469212bff5b,e19a92d8-9647-11e9-b400-b469212bff5b,6dbbbdf4-4589-11e9-a501-b469212bff5b,2019-07-02 02:38:32.341269,2019-07-02 03:34:05.674602,0.03858024690972222,16666666.666666668
6f1aed5a-458f-11e9-861a-b469212bff5b,6dbbbdf6-4589-11e9-95a2-b469212bff5b,e19b082c-9647-11e9-8f73-b469212bff5b,6dbbbdf5-4589-11e9-82b2-b469212bff5b,2019-07-02 03:34:05.674602,2019-07-02 04:09:00.840360,0.024249603680555558,5237914.395963831
6f1aed5a-458f-11e9-861a-b469212bff5b,6dbbbdf6-4589-11e9-95a2-b469212bff5b,e19b56d4-9647-11e9-9ac3-b469212bff5b,6dbbbdf5-4589-11e9-82b2-b469212bff5b,2019-07-02 04:09:00.840360,2019-07-02 05:04:34.173693,0.03858024690972222,16666666.666666668
6f1aed5a-458f-11e9-861a-b469212bff5b,6dbbbdf6-4589-11e9-95a2-b469212bff5b,e19b7de4-9647-11e9-93e9-b469212bff5b,6dbbbdf4-4589-11e9-a501-b469212bff5b,2019-07-02 05:04:34.173693,2019-07-02 05:35:59.822876,0.02182464332175926,4714122.956367448
6f1aed5a-458f-11e9-861a-b469212bff5b,6dbbbdf6-4589-11e9-95a2-b469212bff5b,e19a92d8-9647-11e9-b400-b469212bff5b,6dbbbdf4-4589-11e9-a501-b469212bff5b,2019-07-02 05:35:59.822876,2019-07-02 06:31:33.156209,0.03858024690972222,16666666.666666668
6f1aed5a-458f-11e9-861a-b469212bff5b,6dbbbdf6-4589-11e9-95a2-b469212bff5b,e19b082c-9647-11e9-8f73-b469212bff5b,6dbbbdf5-4589-11e9-82b2-b469212bff5b,2019-07-02 06:31:33.156209,2019-07-02 07:06:28.321968,0.024249603692129633,5237914.395963831
6f1aed5a-458f-11e9-861a-b469212bff5b,6dbbbdf6-4589-11e9-95a2-b469212bff5b,e19b56d4-9647-11e9-9ac3-b469212bff5b,6dbbbdf5-4589-11e9-82b2-b469212bff5b,2019-07-02 07:06:28.321968,2019-07-02 08:02:01.655301,0.03858024690972222,16666666.666666668
6f1aed5a-458f-11e9-861a-b469212bff5b,6dbbbdf6-4589-11e9-95a2-b469212bff5b,e19b7de4-9647-11e9-93e9-b469212bff5b,6dbbbdf4-4589-11e9-a501-b469212bff5b,2019-07-02 08:02:01.655301,2019-07-02 08:33:27.304483,0.021824643310185188,4714122.956367448
6f1aed5a-458f-11e9-861a-b469212bff5b,6dbbbdf6-4589-11e9-95a2-b469212bff5b,e19a92d8-9647-11e9-b400-b469212bff5b,6dbbbdf4-4589-11e9-a501-b469212bff5b,2019-07-02 08:33:27.304483,2019-07-02 09:29:00.637817,0.038580246921296295,16666666.666666668
6f1aed5a-458f-11e9-861a-b469212bff5b,6dbbbdf6-4589-11e9-95a2-b469212bff5b,e19b082c-9647-11e9-8f73-b469212bff5b,6dbbbdf5-4589-11e9-82b2-b469212bff5b,2019-07-02 09:29:00.637817,2019-07-02 10:03:55.803575,0.024249603680555558,5237914.395963831
6f1aed5a-458f-11e9-861a-b469212bff5b,6dbbbdf6-4589-11e9-95a2-b469212bff5b,e19b56d4-9647-11e9-9ac3-b469212bff5b,6dbbbdf5-4589-11e9-82b2-b469212bff5b,2019-07-02 10:03:55.803575,2019-07-02 10:59:29.136908,0.03858024690972222,16666666.666666668
6f1aed5a-458f-11e9-861a-b469212bff5b,6dbbbdf6-4589-11e9-95a2-b469212bff5b,e19b7de4-9647-11e9-93e9-b469212bff5b,6dbbbdf4-4589-11e9-a501-b469212bff5b,2019-07-02 10:59:29.136908,2019-07-02 11:30:54.786091,0.02182464332175926,4714122.956367448
6f1aed5a-458f-11e9-861a-b469212bff5b,6dbbbdf6-4589-11e9-95a2-b469212bff5b,e19a92d8-9647-11e9-b400-b469212bff5b,6dbbbdf4-4589-11e9-a501-b469212bff5b,2019-07-02 11:30:54.786091,2019-07-02 12:26:28.119424,0.03858024690972222,16666666.666666668
6f1aed5a-458f-11e9-861a-b469212bff5b,6dbbbdf6-4589-11e9-95a2-b469212bff5b,e19b082c-9647-11e9-8f73-b469212bff5b,6dbbbdf5-4589-11e9-82b2-b469212bff5b,2019-07-02 12:26:28.119424,2019-07-02 13:01:23.285182,0.024249603680555558,5237914.395963831
6f1aed5a-458f-11e9-861a-b469212bff5b,6dbbbdf6-4589-11e9-95a2-b469212bff5b,e19b56d4-9647-11e9-9ac3-b469212bff5b,6dbbbdf5-4589-11e9-82b2-b469212bff5b,2019-07-02 13:01:23.285182,2019-07-02 13:56:56.618516,0.038580246921296295,16666666.666666668
6f1aed5a-458f-11e9-861a-b469212bff5b,6dbbbdf6-4589-11e9-95a2-b469212bff5b,e19b7de4-9647-11e9-93e9-b469212bff5b,6dbbbdf4-4589-11e9-a501-b469212bff5b,2019-07-02 13:56:56.618516,2019-07-02 14:28:22.267698,0.021824643310185188,4714122.956367448
6f1aed5a-458f-11e9-861a-b469212bff5b,6dbbbdf6-4589-11e9-95a2-b469212bff5b,e19a92d8-9647-11e9-b400-b469212bff5b,6dbbbdf4-4589-11e9-a501-b469212bff5b,2019-07-02 14:28:22.267698,2019-07-02 15:23:55.601032,0.038580246921296295,16666666.666666668
6f1aed5a-458f-11e9-861a-b469212bff5b,6dbbbdf6-4589-11e9-95a2-b469212bff5b,e19b082c-9647-11e9-8f73-b469212bff5b,6dbbbdf5-4589-11e9-82b2-b469212bff5b,2019-07-02 15:23:55.601032,2019-07-02 15:58:50.766790,0.024249603680555558,5237914.395963831
6f1aed5a-458f-11e9-861a-b469212bff5b,6dbbbdf6-4589-11e9-95a2-b469212bff5b,e19b56d4-9647-11e9-9ac3-b469212bff5b,6dbbbdf5-4589-11e9-82b2-b469212bff5b,2019-07-02 15:58:50.766790,2019-07-02 16:54:24.100123,0.03858024690972222,16666666.666666668
6f1aed5a-458f-11e9-861a-b469212bff5b,6dbbbdf6-4589-11e9-95a2-b469212bff5b,e19b7de4-9647-11e9-93e9-b469212bff5b,6dbbbdf4-4589-11e9-a501-b469212bff5b,2019-07-02 16:54:24.100123,2019-07-02 17:25:49.749306,0.02182464332175926,4714122.956367448
6f1aed5a-458f-11e9-861a-b469212bff5b,6dbbbdf6-4589-11e9-95a2-b469212bff5b,e19a92d8-9647-11e9-b400-b469212bff5b,6dbbbdf4-4589-11e9-a501-b469212bff5b,2019-07-02 17:25:49.749306,2019-07-02 18:21:23.082639,0.03858024690972222,16666666.666666668
6f1aed5a-458f-11e9-861a-b469212bff5b,6dbbbdf6-4589-11e9-95a2-b469212bff5b,e19b082c-9647-11e9-8f73-b469212bff5b,6dbbbdf5-4589-11e9-82b2-b469212bff5b,2019-07-02 18:21:23.082639,2019-07-02 18:56:18.248397,0.024249603680555558,5237914.395963831
6f1aed5a-458f-11e9-861a-b469212bff5b,6dbbbdf6-4589-11e9-95a2-b469212bff5b,e19b56d4-9647-11e9-9ac3-b469212bff5b,6dbbbdf5-4589-11e9-82b2-b469212bff5b,2019-07-02 18:56:18.248397,2019-07-02 19:51:51.581731,0.038580246921296295,16666666.666666668
6f1aed5a-458f-11e9-861a-b469212bff5b,6dbbbdf6-4589-11e9-95a2-b469212bff5b,e19b7de4-9647-11e9-93e9-b469212bff5b,6dbbbdf4-4589-11e9-a501-b469212bff5b,2019-07-02 19:51:51.581731,2019-07-02 20:23:17.230913,0.021824643310185188,4714122.956367448
6f1aed5a-458f-11e9-861a-b469212bff5b,6dbbbdf6-4589-11e9-95a2-b469212bff5b,e19a92d8-9647-11e9-b400-b469212bff5b,6dbbbdf4-4589-11e9-a501-b469212bff5b,2019-07-02 20:23:17.230913,2019-07-02 21:18:50.564246,0.03858024690972222,16666666.666666668
6f1aed5a-458f-11e9-861a-b469212bff5b,6dbbbdf6-4589-11e9-95a2-b469212bff5b,e19b082c-9647-11e9-8f73-b469212bff5b,6dbbbdf5-4589-11e9-82b2-b469212bff5b,2019-07-02 21:18:50.564246,2019-07-02 21:53:45.730005,0.024249603692129633,5237914.395963831
6f1aed5a-458f-11e9-861a-b469212bff5b,6dbbbdf6-4589-11e9-95a2-b469212bff5b,e19b56d4-9647-11e9-9ac3-b469212bff5b,6dbbbdf5-4589-11e9-82b2-b469212bff5b,2019-07-02 21:53:45.730005,2019-07-02 22:49:19.063338,0.03858024690972222,16666666.666666668
6f1aed5a-458f-11e9-861a-b469212bff5b,6dbbbdf6-4589-11e9-95a2-b469212bff5b,e19b7de4-9647-11e9-93e9-b469212bff5b,6dbbbdf4-4589-11e9-a501-b469212bff5b,2019-07-02 22:49:19.063338,2019-07-02 23:20:44.712521,0.02182464332175926,4714122.956367448
6f1aed5a-458f-11e9-861a-b469212bff5b,6dbbbdf6-4589-11e9-95a2-b469212bff5b,e19a92d8-9647-11e9-b400-b469212bff5b,6dbbbdf4-4589-11e9-a501-b469212bff5b,2019-07-02 23:20:44.712521,2019-07-03 00:16:18.045854,0.03858024690972222,16666666.666666668
6f1aed5a-458f-11e9-861a-b469212bff5b,6dbbbdf6-4589-11e9-95a2-b469212bff5b,e19b082c-9647-11e9-8f73-b469212bff5b,6dbbbdf5-4589-11e9-82b2-b469212bff5b,2019-07-03 00:16:18.045854,2019-07-03 00:51:13.211612,0.024249603680555558,5237914.395963831
6f1aed5a-458f-11e9-861a-b469212bff5b,6dbbbdf6-4589-11e9-95a2-b469212bff5b,e19b56d4-9647-11e9-9ac3-b469212bff5b,6dbbbdf5-4589-11e9-82b2-b469212bff5b,2019-07-03 00:51:13.211612,2019-07-03 01:46:46.544945,0.03858024690972222,16666666.666666668
6f1aed5a-458f-11e9-861a-b469212bff5b,6dbbbdf6-4589-11e9-95a2-b469212bff5b,e19b7de4-9647-11e9-93e9-b469212bff5b,6dbbbdf4-4589-11e9-a501-b469212bff5b,2019-07-03 01:46:46.544945,2019-07-03 02:18:12.194128,0.02182464332175926,4714122.956367448
6f1aed5a-458f-11e9-861a-b469212bff5b,6dbbbdf6-4589-11e9-95a2-b469212bff5b,e19a92d8-9647-11e9-b400-b469212bff5b,6dbbbdf4-4589-11e9-a501-b469212bff5b,2019-07-03 02:18:12.194128,2019-07-03 03:13:45.527461,0.03858024690972222,16666666.666666668
6f1aed5a-458f-11e9-861a-b469212bff5b,6dbbbdf6-4589-11e9-95a2-b469212bff5b,e19b082c-9647-11e9-8f73-b469212bff5b,6dbbbdf5-4589-11e9-82b2-b469212bff5b,2019-07-03 03:13:45.527461,2019-07-03 03:48:40.693220,0.024249603692129633,5237914.395963831
6f1aed5a-458f-11e9-861a-b469212bff5b,6dbbbdf6-4589-11e9-95a2-b469212bff5b,e19b56d4-9647-11e9-9ac3-b469212bff5b,6dbbbdf5-4589-11e9-82b2-b469212bff5b,2019-07-03 03:48:40.693220,2019-07-03 04:44:14.026553,0.03858024690972222,16666666.666666668
6f1aed5a-458f-11e9-861a-b469212bff5b,6dbbbdf6-4589-11e9-95a2-b469212bff5b,e19b7de4-9647-11e9-93e9-b469212bff5b,6dbbbdf4-4589-11e9-a501-b469212bff5b,2019-07-03 04:44:14.026553,2019-07-03 05:15:39.675735,0.021824643310185188,4714122.956367448
6f1aed5a-458f-11e9-861a-b469212bff5b,6dbbbdf6-4589-11e9-95a2-b469212bff5b,e19a92d8-9647-11e9-b400-b469212bff5b,6dbbbdf4-4589-11e9-a501-b469212bff5b,2019-07-03 05:15:39.675735,2019-07-03 06:11:13.009069,0.038580246921296295,16666666.666666668
6f1aed5a-458f-11e9-861a-b469212bff5b,6dbbbdf6-4589-11e9-95a2-b469212bff5b,e19b082c-9647-11e9-8f73-b469212bff5b,6dbbbdf5-4589-11e9-82b2-b469212bff5b,2019-07-03 06:11:13.009069,2019-07-03 06:46:08.174827,0.024249603680555558,5237914.395963831
6f1aed5a-458f-11e9-861a-b469212bff5b,6dbbbdf6-4589-11e9-95a2-b469212bff5b,e19b56d4-9647-11e9-9ac3-b469212bff5b,6dbbbdf5-4589-11e9-82b2-b469212bff5b,2019-07-03 06:46:08.174827,2019-07-03 07:41:41.508160,0.03858024690972222,16666666.666666668
6f1aed5a-458f-11e9-861a-b469212bff5b,6dbbbdf6-4589-11e9-95a2-b469212bff5b,e19b7de4-9647-11e9-93e9-b469212bff5b,6dbbbdf4-4589-11e9-a501-b469212bff5b,2019-07-03 07:41:41.508160,2019-07-03 08:13:07.157343,0.02182464332175926,4714122.956367448
6f1aed5a-458f-11e9-861a-b469212bff5b,6dbbbdf6-4589-11e9-95a2-b469212bff5b,e19a92d8-9647-11e9-b400-b469212bff5b,6dbbbdf4-4589-11e9-a501-b469212bff5b,2019-07-03 08:13:07.157343,2019-07-03 09:08:40.490676,0.03858024690972222,16666666.666666668
6f1aed5a-458f-11e9-861a-b469212bff5b,6dbbbdf6-4589-11e9-95a2-b469212bff5b,e19b082c-9647-11e9-8f73-b469212bff5b,6dbbbdf5-4589-11e9-82b2-b469212bff5b,2019-07-03 09:08:40.490676,2019-07-03 09:43:35.656435,0.024249603692129633,5237914.395963831
6f1aed5a-458f-11e9-861a-b469212bff5b,6dbbbdf6-4589-11e9-95a2-b469212bff5b,e19b56d4-9647-11e9-9ac3-b469212bff5b,6dbbbdf5-4589-11e9-82b2-b469212bff5b,2019-07-03 09:43:35.656435,2019-07-03 10:39:08.989768,0.03858024690972222,16666666.666666668
6f1aed5a-458f-11e9-861a-b469212bff5b,6dbbbdf6-4589-11e9-95a2-b469212bff5b,e19b7de4-9647-11e9-93e9-b469212bff5b,6dbbbdf4-4589-11e9-a501-b469212bff5b,2019-07-03 10:39:08.989768,2019-07-03 11:10:34.638950,0.021824643310185188,4714122.956367448
6f1aed5a-458f-11e9-861a-b469212bff5b,6dbbbdf6-4589-11e9-95a2-b469212bff5b,e19a92d8-9647-11e9-b400-b469212bff5b,6dbbbdf4-4589-11e9-a501-b469212bff5b,2019-07-03 11:10:34.638950,2019-07-03 12:06:07.972284,0.038580246921296295,16666666.666666668
6f1aed5a-458f-11e9-861a-b469212bff5b,6dbbbdf6-4589-11e9-95a2-b469212bff5b,e19b082c-9647-11e9-8f73-b469212bff5b,6dbbbdf5-4589-11e9-82b2-b469212bff5b,2019-07-03 12:06:07.972284,2019-07-03 12:41:03.138042,0.024249603680555558,5237914.395963831
6f1aed5a-458f-11e9-861a-b469212bff5b,6dbbbdf6-4589-11e9-95a2-b469212bff5b,e19b56d4-9647-11e9-9ac3-b469212bff5b,6dbbbdf5-4589-11e9-82b2-b469212bff5b,2019-07-03 12:41:03.138042,2019-07-03 13:36:36.471375,0.03858024690972222,16666666.666666668
6f1aed5a-458f-11e9-861a-b469212bff5b,6dbbbdf6-4589-11e9-95a2-b469212bff5b,e19b7de4-9647-11e9-93e9-b469212bff5b,6dbbbdf4-4589-11e9-a501-b469212bff5b,2019-07-03 13:36:36.471375,2019-07-03 14:08:02.120558,0.02182464332175926,4714122.956367448
6f1aed5a-458f-11e9-861a-b469212bff5b,6dbbbdf6-4589-11e9-95a2-b469212bff5b,e19a92d8-9647-11e9-b400-b469212bff5b,6dbbbdf4-4589-11e9-a501-b469212bff5b,2019-07-03 14:08:02.120558,2019-07-03 15:03:35.453891,0.03858024690972222,16666666.666666668
6f1aed5a-458f-11e9-861a-b469212bff5b,6dbbbdf6-4589-11e9-95a2-b469212bff5b,e19b082c-9647-11e9-8f73-b469212bff5b,6dbbbdf5-4589-11e9-82b2-b469212bff5b,2019-07-03 15:03:35.453891,2019-07-03 15:38:30.619649,0.024249603680555558,5237914.395963831
6f1aed5a-458f-11e9-861a-b469212bff5b,6dbbbdf6-4589-11e9-95a2-b469212bff5b,e19b56d4-9647-11e9-9ac3-b469212bff5b,6dbbbdf5-4589-11e9-82b2-b469212bff5b,2019-07-03 15:38:30.619649,2019-07-03 16:34:03.952983,0.038580246921296295,16666666.666666668
6f1aed5a-458f-11e9-861a-b469212bff5b,6dbbbdf6-4589-11e9-95a2-b469212bff5b,e19b7de4-9647-11e9-93e9-b469212bff5b,6dbbbdf4-4589-11e9-a501-b469212bff5b,2019-07-03 16:34:03.952983,2019-07-03 17:05:29.602165,0.021824643310185188,4714122.956367448
6f1aed5a-458f-11e9-861a-b469212bff5b,6dbbbdf6-4589-11e9-95a2-b469212bff5b,e19a92d8-9647-11e9-b400-b469212bff5b,6dbbbdf4-4589-11e9-a501-b469212bff5b,2019-07-03 17:05:29.602165,2019-07-03 18:01:02.935498,0.03858024690972222,16666666.666666668
6f1aed5a-458f-11e9-861a-b469212bff5b,6dbbbdf6-4589-11e9-95a2-b469212bff5b,e19b082c-9647-11e9-8f73-b469212bff5b,6dbbbdf5-4589-11e9-82b2-b469212bff5b,2019-07-03 18:01:02.935498,2019-07-03 18:35:58.101257,0.024249603692129633,5237914.395963831
6f1aed5a-458f-11e9-861a-b469212bff5b,6dbbbdf6-4589-11e9-95a2-b469212bff5b,e19b56d4-9647-11e9-9ac3-b469212bff5b,6dbbbdf5-4589-11e9-82b2-b469212bff5b,2019-07-03 18:35:58.101257,2019-07-03 19:31:31.434590,0.03858024690972222,16666666.666666668
6f1aed5a-458f-11e9-861a-b469212bff5b,6dbbbdf6-4589-11e9-95a2-b469212bff5b,e19b7de4-9647-11e9-93e9-b469212bff5b,6dbbbdf4-4589-11e9-a501-b469212bff5b,2019-07-03 19:31:31.434590,2019-07-03 20:02:57.083773,0.02182464332175926,4714122.956367448
6f1aed5a-458f-11e9-861a-b469212bff5b,6dbbbdf6-4589-11e9-95a2-b469212bff5b,e19a92d8-9647-11e9-b400-b469212bff5b,6dbbbdf4-4589-11e9-a501-b469212bff5b,2019-07-03 20:02:57.083773,2019-07-03 20:58:30.417106,0.03858024690972222,16666666.666666668
6f1aed5a-458f-11e9-861a-b469212bff5b,6dbbbdf6-4589-11e9-95a2-b469212bff5b,e19b082c-9647-11e9-8f73-b469212bff5b,6dbbbdf5-4589-11e9-82b2-b469212bff5b,2019-07-03 20:58:30.417106,2019-07-03 21:33:25.582864,0.024249603680555558,5237914.395963831
6f1aed5a-458f-11e9-861a-b469212bff5b,6dbbbdf6-4589-11e9-95a2-b469212bff5b,e19b56d4-9647-11e9-9ac3-b469212bff5b,6dbbbdf5-4589-11e9-82b2-b469212bff5b,2019-07-03 21:33:25.582864,2019-07-03 22:28:58.916198,0.038580246921296295,16666666.666666668
6f1aed5a-458f-11e9-861a-b469212bff5b,6dbbbdf6-4589-11e9-95a2-b469212bff5b,e19b7de4-9647-11e9-93e9-b469212bff5b,6dbbbdf4-4589-11e9-a501-b469212bff5b,2019-07-03 22:28:58.916198,2019-07-03 23:00:24.565380,0.021824643310185188,4714122.956367448
6f1aed5a-458f-11e9-861a-b469212bff5b,6dbbbdf6-4589-11e9-95a2-b469212bff5b,e19a92d8-9647-11e9-b400-b469212bff5b,6dbbbdf4-4589-11e9-a501-b469212bff5b,2019-07-03 23:00:24.565380,2019-07-03 23:55:57.898713,0.03858024690972222,16666666.666666668
6f1aed5a-458f-11e9-861a-b469212bff5b,6dbbbdf6-4589-11e9-95a2-b469212bff5b,e19b082c-9647-11e9-8f73-b469212bff5b,6dbbbdf5-4589-11e9-82b2-b469212bff5b,2019-07-03 23:55:57.898713,2019-07-04 00:30:53.064472,0.024249603692129633,5237914.395963831
6f1aed5a-458f-11e9-861a-b469212bff5b,6dbbbdf6-4589-11e9-95a2-b469212bff5b,e19b56d4-9647-11e9-9ac3-b469212bff5b,6dbbbdf5-4589-11e9-82b2-b469212bff5b,2019-07-04 00:30:53.064472,2019-07-04 01:26:26.397805,0.03858024690972222,16666666.666666668
6f1aed5a-458f-11e9-861a-b469212bff5b,6dbbbdf6-4589-11e9-95a2-b469212bff5b,e19b7de4-9647-11e9-93e9-b469212bff5b,6dbbbdf4-4589-11e9-a501-b469212bff5b,2019-07-04 01:26:26.397805,2019-07-04 01:57:52.046988,0.02182464332175926,4714122.956367448
6f1aed5a-458f-11e9-861a-b469212bff5b,6dbbbdf6-4589-11e9-95a2-b469212bff5b,e19a92d8-9647-11e9-b400-b469212bff5b,6dbbbdf4-4589-11e9-a501-b469212bff5b,2019-07-04 01:57:52.046988,2019-07-04 02:53:25.380321,0.03858024690972222,16666666.666666668
6f1aed5a-458f-11e9-861a-b469212bff5b,6dbbbdf6-4589-11e9-95a2-b469212bff5b,e19b082c-9647-11e9-8f73-b469212bff5b,6dbbbdf5-4589-11e9-82b2-b469212bff5b,2019-07-04 02:53:25.380321,2019-07-04 03:28:20.546079,0.024249603680555558,5237914.395963831
6f1aed5a-458f-11e9-861a-b469212bff5b,6dbbbdf6-4589-11e9-95a2-b469212bff5b,e19b56d4-9647-11e9-9ac3-b469212bff5b,6dbbbdf5-4589-11e9-82b2-b469212bff5b,2019-07-04 03:28:20.546079,2019-07-04 04:23:53.879412,0.03858024690972222,16666666.666666668
6f1aed5a-458f-11e9-861a-b469212bff5b,6dbbbdf6-4589-11e9-95a2-b469212bff5b,e19b7de4-9647-11e9-93e9-b469212bff5b,6dbbbdf4-4589-11e9-a501-b469212bff5b,2019-07-04 04:23:53.879412,2019-07-04 04:55:19.528595,0.02182464332175926,4714122.956367448
6f1aed5a-458f-11e9-861a-b469212bff5b,6dbbbdf6-4589-11e9-95a2-b469212bff5b,e19a92d8-9647-11e9-b400-b469212bff5b,6dbbbdf4-4589-11e9-a501-b469212bff5b,2019-07-04 04:55:19.528595,2019-07-04 05:50:52.861928,0.03858024690972222,16666666.666666668
6f1aed5a-458f-11e9-861a-b469212bff5b,6dbbbdf6-4589-11e9-95a2-b469212bff5b,e19b082c-9647-11e9-8f73-b469212bff5b,6dbbbdf5-4589-11e9-82b2-b469212bff5b,2019-07-04 05:50:52.861928,2019-07-04 06:25:48.027687,0.024249603692129633,5237914.395963831
6f1aed5a-458f-11e9-861a-b469212bff5b,6dbbbdf6-4589-11e9-95a2-b469212bff5b,e19b56d4-9647-11e9-9ac3-b469212bff5b,6dbbbdf5-4589-11e9-82b2-b469212bff5b,2019-07-04 06:25:48.027687,2019-07-04 07:21:21.361020,0.03858024690972222,16666666.666666668
6f1aed5a-458f-11e9-861a-b469212bff5b,6dbbbdf6-4589-11e9-95a2-b469212bff5b,e19b7de4-9647-11e9-93e9-b469212bff5b,6dbbbdf4-4589-11e9-a501-b469212bff5b,2019-07-04 07:21:21.361020,2019-07-04 07:52:47.010202,0.021824643310185188,4714122.956367448
6f1aed5a-458f-11e9-861a-b469212bff5b,6dbbbdf6-4589-11e9-95a2-b469212bff5b,e19a92d8-9647-11e9-b400-b469212bff5b,6dbbbdf4-4589-11e9-a501-b469212bff5b,2019-07-04 07:52:47.010202,2019-07-04 08:48:20.343536,0.038580246921296295,16666666.666666668
6f1aed5a-458f-11e9-861a-b469212bff5b,6dbbbdf6-4589-11e9-95a2-b469212bff5b,e19b082c-9647-11e9-8f73-b469212bff5b,6dbbbdf5-4589-11e9-82b2-b469212bff5b,2019-07-04 08:48:20.343536,2019-07-04 09:23:15.509294,0.024249603680555558,5237914.395963831
6f1aed5a-458f-11e9-861a-b469212bff5b,6dbbbdf6-4589-11e9-95a2-b469212bff5b,e19b56d4-9647-11e9-9ac3-b469212bff5b,6dbbbdf5-4589-11e9-82b2-b469212bff5b,2019-07-04 09:23:15.509294,2019-07-04 10:18:48.842627,0.03858024690972222,16666666.666666668
6f1aed5a-458f-11e9-861a-b469212bff5b,6dbbbdf6-4589-11e9-95a2-b469212bff5b,e19b7de4-9647-11e9-93e9-b469212bff5b,6dbbbdf4-4589-11e9-a501-b469212bff5b,2019-07-04 10:18:48.842627,2019-07-04 10:50:14.491810,0.02182464332175926,4714122.956367448
6f1aed5a-458f-11e9-861a-b469212bff5b,6dbbbdf6-4589-11e9-95a2-b469212bff5b,e19a92d8-9647-11e9-b400-b469212bff5b,6dbbbdf4-4589-11e9-a501-b469212bff5b,2019-07-04 10:50:14.491810,2019-07-04 11:45:47.825143,0.03858024690972222,16666666.666666668
6f1aed5a-458f-11e9-861a-b469212bff5b,6dbbbdf6-4589-11e9-95a2-b469212bff5b,e19b082c-9647-11e9-8f73-b469212bff5b,6dbbbdf5-4589-11e9-82b2-b469212bff5b,2019-07-04 11:45:47.825143,2019-07-04 12:20:42.990901,0.024249603680555558,5237914.395963831
6f1aed5a-458f-11e9-861a-b469212bff5b,6dbbbdf6-4589-11e9-95a2-b469212bff5b,e19b56d4-9647-11e9-9ac3-b469212bff5b,6dbbbdf5-4589-11e9-82b2-b469212bff5b,2019-07-04 12:20:42.990901,2019-07-04 13:16:16.324235,0.038580246921296295,16666666.666666668
6f1aed5a-458f-11e9-861a-b469212bff5b,6dbbbdf6-4589-11e9-95a2-b469212bff5b,e19b7de4-9647-11e9-93e9-b469212bff5b,6dbbbdf4-4589-11e9-a501-b469212bff5b,2019-07-04 13:16:16.324235,2019-07-04 13:47:41.973417,0.021824643310185188,4714122.956367448
6f1aed5a-458f-11e9-861a-b469212bff5b,6dbbbdf6-4589-11e9-95a2-b469212bff5b,e19a92d8-9647-11e9-b400-b469212bff5b,6dbbbdf4-4589-11e9-a501-b469212bff5b,2019-07-04 13:47:41.973417,2019-07-04 14:43:15.306751,0.038580246921296295,16666666.666666668
6f1aed5a-458f-11e9-861a-b469212bff5b,6dbbbdf6-4589-11e9-95a2-b469212bff5b,e19b082c-9647-11e9-8f73-b469212bff5b,6dbbbdf5-4589-11e9-82b2-b469212bff5b,2019-07-04 14:43:15.306751,2019-07-04 15:18:10.472509,0.024249603680555558,5237914.395963831
6f1aed5a-458f-11e9-861a-b469212bff5b,6dbbbdf6-4589-11e9-95a2-b469212bff5b,e19b56d4-9647-11e9-9ac3-b469212bff5b,6dbbbdf5-4589-11e9-82b2-b469212bff5b,2019-07-04 15:18:10.472509,2019-07-04 16:13:43.805842,0.03858024690972222,16666666.666666668
6f1aed5a-458f-11e9-861a-b469212bff5b,6dbbbdf6-4589-11e9-95a2-b469212bff5b,e19b7de4-9647-11e9-93e9-b469212bff5b,6dbbbdf4-4589-11e9-a501-b469212bff5b,2019-07-04 16:13:43.805842,2019-07-04 16:45:09.455025,0.02182464332175926,4714122.956367448
6f1aed5a-458f-11e9-861a-b469212bff5b,6dbbbdf6-4589-11e9-95a2-b469212bff5b,e19a92d8-9647-11e9-b400-b469212bff5b,6dbbbdf4-4589-11e9-a501-b469212bff5b,2019-07-04 16:45:09.455025,2019-07-04 17:40:42.788358,0.03858024690972222,16666666.666666668
6f1aed5a-458f-11e9-861a-b469212bff5b,6dbbbdf6-4589-11e9-95a2-b469212bff5b,e19b082c-9647-11e9-8f73-b469212bff5b,6dbbbdf5-4589-11e9-82b2-b469212bff5b,2019-07-04 17:40:42.788358,2019-07-04 18:15:37.954116,0.024249603680555558,5237914.395963831
6f1aed5a-458f-11e9-861a-b469212bff5b,6dbbbdf6-4589-11e9-95a2-b469212bff5b,e19b56d4-9647-11e9-9ac3-b469212bff5b,6dbbbdf5-4589-11e9-82b2-b469212bff5b,2019-07-04 18:15:37.954116,2019-07-04 19:11:11.287450,0.038580246921296295,16666666.666666668
6f1aed5a-458f-11e9-861a-b469212bff5b,6dbbbdf6-4589-11e9-95a2-b469212bff5b,e19b7de4-9647-11e9-93e9-b469212bff5b,6dbbbdf4-4589-11e9-a501-b469212bff5b,2019-07-04 19:11:11.287450,2019-07-04 19:42:36.936632,0.021824643310185188,4714122.956367448
6f1aed5a-458f-11e9-861a-b469212bff5b,6dbbbdf6-4589-11e9-95a2-b469212bff5b,e19a92d8-9647-11e9-b400-b469212bff5b,6dbbbdf4-4589-11e9-a501-b469212bff5b,2019-07-04 19:42:36.936632,2019-07-04 20:38:10.269965,0.03858024690972222,16666666.666666668
6f1aed5a-458f-11e9-861a-b469212bff5b,6dbbbdf6-4589-11e9-95a2-b469212bff5b,e19b082c-9647-11e9-8f73-b469212bff5b,6dbbbdf5-4589-11e9-82b2-b469212bff5b,2019-07-04 20:38:10.269965,2019-07-04 21:13:05.435724,0.024249603692129633,5237914.395963831
6f1aed5a-458f-11e9-861a-b469212bff5b,6dbbbdf6-4589-11e9-95a2-b469212bff5b,e19b56d4-9647-11e9-9ac3-b469212bff5b,6dbbbdf5-4589-11e9-82b2-b469212bff5b,2019-07-04 21:13:05.435724,2019-07-04 22:08:38.769057,0.03858024690972222,16666666.666666668
6f1aed5a-458f-11e9-861a-b469212bff5b,6dbbbdf6-4589-11e9-95a2-b469212bff5b,e19b7de4-9647-11e9-93e9-b469212bff5b,6dbbbdf4-4589-11e9-a501-b469212bff5b,2019-07-04 22:08:38.769057,2019-07-04 22:40:04.418240,0.02182464332175926,4714122.956367448
6f1aed5a-458f-11e9-861a-b469212bff5b,6dbbbdf6-4589-11e9-95a2-b469212bff5b,e19a92d8-9647-11e9-b400-b469212bff5b,6dbbbdf4-4589-11e9-a501-b469212bff5b,2019-07-04 22:40:04.418240,2019-07-04 23:35:37.751573,0.03858024690972222,16666666.666666668
6f1aed5a-458f-11e9-861a-b469212bff5b,6dbbbdf6-4589-11e9-95a2-b469212bff5b,e19b082c-9647-11e9-8f73-b469212bff5b,6dbbbdf5-4589-11e9-82b2-b469212bff5b,2019-07-04 23:35:37.751573,2019-07-05 00:10:32.917331,0.024249603680555558,5237914.395963831
6f1aed5a-458f-11e9-861a-b469212bff5b,6dbbbdf6-4589-11e9-95a2-b469212bff5b,e19b56d4-9647-11e9-9ac3-b469212bff5b,6dbbbdf5-4589-11e9-82b2-b469212bff5b,2019-07-05 00:10:32.917331,2019-07-05 01:06:06.250664,0.03858024690972222,16666666.666666668
6f1aed5a-458f-11e9-861a-b469212bff5b,6dbbbdf6-4589-11e9-95a2-b469212bff5b,e19b7de4-9647-11e9-93e9-b469212bff5b,6dbbbdf4-4589-11e9-a501-b469212bff5b,2019-07-05 01:06:06.250664,2019-07-05 01:37:31.899847,0.02182464332175926,4714122.956367448
6f1aed5a-458f-11e9-861a-b469212bff5b,6dbbbdf6-4589-11e9-95a2-b469212bff5b,e19a92d8-9647-11e9-b400-b469212bff5b,6dbbbdf4-4589-11e9-a501-b469212bff5b,2019-07-05 01:37:31.899847,2019-07-05 02:33:05.233180,0.03858024690972222,16666666.666666668
6f1aed5a-458f-11e9-861a-b469212bff5b,6dbbbdf6-4589-11e9-95a2-b469212bff5b,e19b082c-9647-11e9-8f73-b469212bff5b,6dbbbdf5-4589-11e9-82b2-b469212bff5b,2019-07-05 02:33:05.233180,2019-07-05 03:08:00.398939,0.024249603692129633,5237914.395963831
6f1aed5a-458f-11e9-861a-b469212bff5b,6dbbbdf6-4589-11e9-95a2-b469212bff5b,e19b56d4-9647-11e9-9ac3-b469212bff5b,6dbbbdf5-4589-11e9-82b2-b469212bff5b,2019-07-05 03:08:00.398939,2019-07-05 04:03:33.732272,0.03858024690972222,16666666.666666668
6f1aed5a-458f-11e9-861a-b469212bff5b,6dbbbdf6-4589-11e9-95a2-b469212bff5b,e19b7de4-9647-11e9-93e9-b469212bff5b,6dbbbdf4-4589-11e9-a501-b469212bff5b,2019-07-05 04:03:33.732272,2019-07-05 04:34:59.381454,0.021824643310185188,4714122.956367448
6f1aed5a-458f-11e9-861a-b469212bff5b,6dbbbdf6-4589-11e9-95a2-b469212bff5b,e19a92d8-9647-11e9-b400-b469212bff5b,6dbbbdf4-4589-11e9-a501-b469212bff5b,2019-07-05 04:34:59.381454,2019-07-05 05:30:32.714788,0.038580246921296295,16666666.666666668
6f1aed5a-458f-11e9-861a-b469212bff5b,6dbbbdf6-4589-11e9-95a2-b469212bff5b,e19b082c-9647-11e9-8f73-b469212bff5b,6dbbbdf5-4589-11e9-82b2-b469212bff5b,2019-07-05 05:30:32.714788,2019-07-05 06:05:27.880546,0.024249603680555558,5237914.395963831
6f1aed5a-458f-11e9-861a-b469212bff5b,6dbbbdf6-4589-11e9-95a2-b469212bff5b,e19b56d4-9647-11e9-9ac3-b469212bff5b,6dbbbdf5-4589-11e9-82b2-b469212bff5b,2019-07-05 06:05:27.880546,2019-07-05 07:01:01.213879,0.03858024690972222,16666666.666666668
6f1aed5a-458f-11e9-861a-b469212bff5b,6dbbbdf6-4589-11e9-95a2-b469212bff5b,e19b7de4-9647-11e9-93e9-b469212bff5b,6dbbbdf4-4589-11e9-a501-b469212bff5b,2019-07-05 07:01:01.213879,2019-07-05 07:32:26.863062,0.02182464332175926,4714122.956367448
6f1aed5a-458f-11e9-861a-b469212bff5b,6dbbbdf6-4589-11e9-95a2-b469212bff5b,e19a92d8-9647-11e9-b400-b469212bff5b,6dbbbdf4-4589-11e9-a501-b469212bff5b,2019-07-05 07:32:26.863062,2019-07-05 08:28:00.196395,0.03858024690972222,16666666.666666668
6f1aed5a-458f-11e9-861a-b469212bff5b,6dbbbdf6-4589-11e9-95a2-b469212bff5b,e19b082c-9647-11e9-8f73-b469212bff5b,6dbbbdf5-4589-11e9-82b2-b469212bff5b,2019-07-05 08:28:00.196395,2019-07-05 09:02:55.362154,0.024249603692129633,5237914.395963831
6f1aed5a-458f-11e9-861a-b469212bff5b,6dbbbdf6-4589-11e9-95a2-b469212bff5b,e19b56d4-9647-11e9-9ac3-b469212bff5b,6dbbbdf5-4589-11e9-82b2-b469212bff5b,2019-07-05 09:02:55.362154,2019-07-05 09:58:28.695487,0.03858024690972222,16666666.666666668
6f1aed5a-458f-11e9-861a-b469212bff5b,6dbbbdf6-4589-11e9-95a2-b469212bff5b,e19b7de4-9647-11e9-93e9-b469212bff5b,6dbbbdf4-4589-11e9-a501-b469212bff5b,2019-07-05 09:58:28.695487,2019-07-05 10:29:54.344669,0.021824643310185188,4714122.956367448
6f1aed5a-458f-11e9-861a-b469212bff5b,6dbbbdf6-4589-11e9-95a2-b469212bff5b,e19a92d8-9647-11e9-b400-b469212bff5b,6dbbbdf4-4589-11e9-a501-b469212bff5b,2019-07-05 10:29:54.344669,2019-07-05 11:25:27.678003,0.038580246921296295,16666666.666666668
6f1aed5a-458f-11e9-861a-b469212bff5b,6dbbbdf6-4589-11e9-95a2-b469212bff5b,e19b082c-9647-11e9-8f73-b469212bff5b,6dbbbdf5-4589-11e9-82b2-b469212bff5b,2019-07-05 11:25:27.678003,2019-07-05 12:00:22.843761,0.024249603680555558,5237914.395963831
6f1aed5a-458f-11e9-861a-b469212bff5b,6dbbbdf6-4589-11e9-95a2-b469212bff5b,e19b56d4-9647-11e9-9ac3-b469212bff5b,6dbbbdf5-4589-11e9-82b2-b469212bff5b,2019-07-05 12:00:22.843761,2019-07-05 12:55:56.177094,0.03858024690972222,16666666.666666668
6f1aed5a-458f-11e9-861a-b469212bff5b,6dbbbdf6-4589-11e9-95a2-b469212bff5b,e19b7de4-9647-11e9-93e9-b469212bff5b,6dbbbdf4-4589-11e9-a501-b469212bff5b,2019-07-05 12:55:56.177094,2019-07-05 13:27:21.826277,0.02182464332175926,4714122.956367448
6f1aed5a-458f-11e9-861a-b469212bff5b,6dbbbdf6-4589-11e9-95a2-b469212bff5b,e19a92d8-9647-11e9-b400-b469212bff5b,6dbbbdf4-4589-11e9-a501-b469212bff5b,2019-07-05 13:27:21.826277,2019-07-05 14:22:55.159610,0.03858024690972222,16666666.666666668
6f1aed5a-458f-11e9-861a-b469212bff5b,6dbbbdf6-4589-11e9-95a2-b469212bff5b,e19b082c-9647-11e9-8f73-b469212bff5b,6dbbbdf5-4589-11e9-82b2-b469212bff5b,2019-07-05 14:22:55.159610,2019-07-05 14:57:50.325368,0.024249603680555558,5237914.395963831
6f1aed5a-458f-11e9-861a-b469212bff5b,6dbbbdf6-4589-11e9-95a2-b469212bff5b,e19b56d4-9647-11e9-9ac3-b469212bff5b,6dbbbdf5-4589-11e9-82b2-b469212bff5b,2019-07-05 14:57:50.325368,2019-07-05 15:53:23.658702,0.038580246921296295,16666666.666666668
6f1aed5a-458f-11e9-861a-b469212bff5b,6dbbbdf6-4589-11e9-95a2-b469212bff5b,e19b7de4-9647-11e9-93e9-b469212bff5b,6dbbbdf4-4589-11e9-a501-b469212bff5b,2019-07-05 15:53:23.658702,2019-07-05 16:24:49.307884,0.021824643310185188,4714122.956367448
6f1aed5a-458f-11e9-861a-b469212bff5b,6dbbbdf6-4589-11e9-95a2-b469212bff5b,e19a92d8-9647-11e9-b400-b469212bff5b,6dbbbdf4-4589-11e9-a501-b469212bff5b,2019-07-05 16:24:49.307884,2019-07-05 17:20:22.641217,0.03858024690972222,16666666.666666668
6f1aed5a-458f-11e9-861a-b469212bff5b,6dbbbdf6-4589-11e9-95a2-b469212bff5b,e19b082c-9647-11e9-8f73-b469212bff5b,6dbbbdf5-4589-11e9-82b2-b469212bff5b,2019-07-05 17:20:22.641217,2019-07-05 17:55:17.806976,0.024249603692129633,5237914.395963831
6f1aed5a-458f-11e9-861a-b469212bff5b,6dbbbdf6-4589-11e9-95a2-b469212bff5b,e19b56d4-9647-11e9-9ac3-b469212bff5b,6dbbbdf5-4589-11e9-82b2-b469212bff5b,2019-07-05 17:55:17.806976,2019-07-05 18:50:51.140309,0.03858024690972222,16666666.666666668
6f1aed5a-458f-11e9-861a-b469212bff5b,6dbbbdf6-4589-11e9-95a2-b469212bff5b,e19b7de4-9647-11e9-93e9-b469212bff5b,6dbbbdf4-4589-11e9-a501-b469212bff5b,2019-07-05 18:50:51.140309,2019-07-05 19:22:16.789492,0.02182464332175926,4714122.956367448
6f1aed5a-458f-11e9-861a-b469212bff5b,6dbbbdf6-4589-11e9-95a2-b469212bff5b,e19a92d8-9647-11e9-b400-b469212bff5b,6dbbbdf4-4589-11e9-a501-b469212bff5b,2019-07-05 19:22:16.789492,2019-07-05 20:17:50.122825,0.03858024690972222,16666666.666666668
6f1aed5a-458f-11e9-861a-b469212bff5b,6dbbbdf6-4589-11e9-95a2-b469212bff5b,e19b082c-9647-11e9-8f73-b469212bff5b,6dbbbdf5-4589-11e9-82b2-b469212bff5b,2019-07-05 20:17:50.122825,2019-07-05 20:52:45.288583,0.024249603680555558,5237914.395963831
6f1aed5a-458f-11e9-861a-b469212bff5b,6dbbbdf6-4589-11e9-95a2-b469212bff5b,e19b56d4-9647-11e9-9ac3-b469212bff5b,6dbbbdf5-4589-11e9-82b2-b469212bff5b,2019-07-05 20:52:45.288583,2019-07-05 21:48:18.621917,0.038580246921296295,16666666.666666668
6f1aed5a-458f-11e9-861a-b469212bff5b,6dbbbdf6-4589-11e9-95a2-b469212bff5b,e19b7de4-9647-11e9-93e9-b469212bff5b,6dbbbdf4-4589-11e9-a501-b469212bff5b,2019-07-05 21:48:18.621917,2019-07-05 22:19:44.271099,0.021824643310185188,4714122.956367448
6f1aed5a-458f-11e9-861a-b469212bff5b,6dbbbdf6-4589-11e9-95a2-b469212bff5b,e19a92d8-9647-11e9-b400-b469212bff5b,6dbbbdf4-4589-11e9-a501-b469212bff5b,2019-07-05 22:19:44.271099,2019-07-05 23:15:17.604432,0.03858024690972222,16666666.666666668
6f1aed5a-458f-11e9-861a-b469212bff5b,6dbbbdf6-4589-11e9-95a2-b469212bff5b,e19b082c-9647-11e9-8f73-b469212bff5b,6dbbbdf5-4589-11e9-82b2-b469212bff5b,2019-07-05 23:15:17.604432,2019-07-05 23:50:12.770191,0.024249603692129633,5237914.395963831
6f1aed5a-458f-11e9-861a-b469212bff5b,6dbbbdf6-4589-11e9-95a2-b469212bff5b,e19b56d4-9647-11e9-9ac3-b469212bff5b,6dbbbdf5-4589-11e9-82b2-b469212bff5b,2019-07-05 23:50:12.770191,2019-07-06 00:45:46.103524,0.03858024690972222,16666666.666666668
6f1aed5a-458f-11e9-861a-b469212bff5b,6dbbbdf6-4589-11e9-95a2-b469212bff5b,e19b7de4-9647-11e9-93e9-b469212bff5b,6dbbbdf4-4589-11e9-a501-b469212bff5b,2019-07-06 00:45:46.103524,2019-07-06 01:17:11.752707,0.02182464332175926,4714122.956367448
6f1aed5a-458f-11e9-861a-b469212bff5b,6dbbbdf6-4589-11e9-95a2-b469212bff5b,e19a92d8-9647-11e9-b400-b469212bff5b,6dbbbdf4-4589-11e9-a501-b469212bff5b,2019-07-06 01:17:11.752707,2019-07-06 02:12:45.086040,0.03858024690972222,16666666.666666668
6f1aed5a-458f-11e9-861a-b469212bff5b,6dbbbdf6-4589-11e9-95a2-b469212bff5b,e19b082c-9647-11e9-8f73-b469212bff5b,6dbbbdf5-4589-11e9-82b2-b469212bff5b,2019-07-06 02:12:45.086040,2019-07-06 02:47:40.251798,0.024249603680555558,5237914.395963831
6f1aed5a-458f-11e9-861a-b469212bff5b,6dbbbdf6-4589-11e9-95a2-b469212bff5b,e19b56d4-9647-11e9-9ac3-b469212bff5b,6dbbbdf5-4589-11e9-82b2-b469212bff5b,2019-07-06 02:47:40.251798,2019-07-06 03:43:13.585131,0.03858024690972222,16666666.666666668
6f1aed5a-458f-11e9-861a-b469212bff5b,6dbbbdf6-4589-11e9-95a2-b469212bff5b,e19b7de4-9647-11e9-93e9-b469212bff5b,6dbbbdf4-4589-11e9-a501-b469212bff5b,2019-07-06 03:43:13.585131,2019-07-06 04:14:39.234314,0.02182464332175926,4714122.956367448
6f1aed5a-458f-11e9-861a-b469212bff5b,6dbbbdf6-4589-11e9-95a2-b469212bff5b,e19a92d8-9647-11e9-b400-b469212bff5b,6dbbbdf4-4589-11e9-a501-b469212bff5b,2019-07-06 04:14:39.234314,2019-07-06 05:10:12.567647,0.03858024690972222,16666666.666666668
6f1aed5a-458f-11e9-861a-b469212bff5b,6dbbbdf6-4589-11e9-95a2-b469212bff5b,e19b082c-9647-11e9-8f73-b469212bff5b,6dbbbdf5-4589-11e9-82b2-b469212bff5b,2019-07-06 05:10:12.567647,2019-07-06 05:45:07.733406,0.024249603692129633,5237914.395963831
6f1aed5a-458f-11e9-861a-b469212bff5b,6dbbbdf6-4589-11e9-95a2-b469212bff5b,e19b56d4-9647-11e9-9ac3-b469212bff5b,6dbbbdf5-4589-11e9-82b2-b469212bff5b,2019-07-06 05:45:07.733406,2019-07-06 06:40:41.066739,0.03858024690972222,16666666.666666668
6f1aed5a-458f-11e9-861a-b469212bff5b,6dbbbdf6-4589-11e9-95a2-b469212bff5b,e19b7de4-9647-11e9-93e9-b469212bff5b,6dbbbdf4-4589-11e9-a501-b469212bff5b,2019-07-06 06:40:41.066739,2019-07-06 07:12:06.715921,0.021824643310185188,4714122.956367448
6f1aed5a-458f-11e9-861a-b469212bff5b,6dbbbdf6-4589-11e9-95a2-b469212bff5b,e19a92d8-9647-11e9-b400-b469212bff5b,6dbbbdf4-4589-11e9-a501-b469212bff5b,2019-07-06 07:12:06.715921,2019-07-06 08:07:40.049255,0.038580246921296295,16666666.666666668
6f1aed5a-458f-11e9-861a-b469212bff5b,6dbbbdf6-4589-11e9-95a2-b469212bff5b,e19b082c-9647-11e9-8f73-b469212bff5b,6dbbbdf5-4589-11e9-82b2-b469212bff5b,2019-07-06 08:07:40.049255,2019-07-06 08:42:35.215013,0.024249603680555558,5237914.395963831
6f1aed5a-458f-11e9-861a-b469212bff5b,6dbbbdf6-4589-11e9-95a2-b469212bff5b,e19b56d4-9647-11e9-9ac3-b469212bff5b,6dbbbdf5-4589-11e9-82b2-b469212bff5b,2019-07-06 08:42:35.215013,2019-07-06 09:38:08.548346,0.03858024690972222,16666666.666666668
6f1aed5a-458f-11e9-861a-b469212bff5b,6dbbbdf6-4589-11e9-95a2-b469212bff5b,e19b7de4-9647-11e9-93e9-b469212bff5b,6dbbbdf4-4589-11e9-a501-b469212bff5b,2019-07-06 09:38:08.548346,2019-07-06 10:09:34.197529,0.02182464332175926,4714122.956367448
6f1aed5a-458f-11e9-861a-b469212bff5b,6dbbbdf6-4589-11e9-95a2-b469212bff5b,e19a92d8-9647-11e9-b400-b469212bff5b,6dbbbdf4-4589-11e9-a501-b469212bff5b,2019-07-06 10:09:34.197529,2019-07-06 11:05:07.530862,0.03858024690972222,16666666.666666668
6f1aed5a-458f-11e9-861a-b469212bff5b,6dbbbdf6-4589-11e9-95a2-b469212bff5b,e19b082c-9647-11e9-8f73-b469212bff5b,6dbbbdf5-4589-11e9-82b2-b469212bff5b,2019-07-06 11:05:07.530862,2019-07-06 11:40:02.696620,0.024249603680555558,5237914.395963831
6f1aed5a-458f-11e9-861a-b469212bff5b,6dbbbdf6-4589-11e9-95a2-b469212bff5b,e19b56d4-9647-11e9-9ac3-b469212bff5b,6dbbbdf5-4589-11e9-82b2-b469212bff5b,2019-07-06 11:40:02.696620,2019-07-06 12:35:36.029954,0.038580246921296295,16666666.666666668
6f1aed5a-458f-11e9-861a-b469212bff5b,6dbbbdf6-4589-11e9-95a2-b469212bff5b,e19b7de4-9647-11e9-93e9-b469212bff5b,6dbbbdf4-4589-11e9-a501-b469212bff5b,2019-07-06 12:35:36.029954,2019-07-06 13:07:01.679136,0.021824643310185188,4714122.956367448
6f1aed5a-458f-11e9-861a-b469212bff5b,6dbbbdf6-4589-11e9-95a2-b469212bff5b,e19a92d8-9647-11e9-b400-b469212bff5b,6dbbbdf4-4589-11e9-a501-b469212bff5b,2019-07-06 13:07:01.679136,2019-07-06 14:02:35.012470,0.038580246921296295,16666666.666666668
6f1aed5a-458f-11e9-861a-b469212bff5b,6dbbbdf6-4589-11e9-95a2-b469212bff5b,e19b082c-9647-11e9-8f73-b469212bff5b,6dbbbdf5-4589-11e9-82b2-b469212bff5b,2019-07-06 14:02:35.012470,2019-07-06 14:37:30.178228,0.024249603680555558,5237914.395963831
6f1aed5a-458f-11e9-861a-b469212bff5b,6dbbbdf6-4589-11e9-95a2-b469212bff5b,e19b56d4-9647-11e9-9ac3-b469212bff5b,6dbbbdf5-4589-11e9-82b2-b469212bff5b,2019-07-06 14:37:30.178228,2019-07-06 15:33:03.511561,0.03858024690972222,16666666.666666668
